subject_id,session_id,mri_day,diagnosis_at_mri,progression_label,progression_eligible,progression_exclusion_reason,conversion_event,conversion_day,days_to_conversion,last_followup_day,followup_days_after_mri,progression_horizon_days,progression_reason,clinical_day,label_policy_version,sex,age_at_mri,scanner,cognitive_status,classification_status,classification_reason,MMSE,CDRSUM,CDRTOT,classification_confidence,classification_version,PSY019,PSY021,SIM,ANIMALS,VEG,mentcont,asscmem,srtfree,srttotal,digfor,digback,digsym,tma,tmb,bnt,LOGIMEM,MEMUNITS,lettnum,simon,simonnumber,switchCV,switchmixed,switch,inform,logmem,pairs,block,lmdelay,line,slosson,DIGIF,DIGIB,TRAILA,PSY003,udsbentc,udsbentd,udsbenrs,udsverfc,udsverfn,udsvernf,udsverlc,udsverlr,udsverln,udsvertn,udsverte,udsverti,craftvrs,crafturs,craftdvr,craftdre,craftdti,craftcue,minttots,minttotw,mintscng,mintscnc,mintpcng,mintpcnc,digforct,digforsl,digbacct,digbacls,place_r,numsym,mocacomp,mocareas,mocaloc,mocalan,mocalanx,mocavis,mocahear,mocatots,mocatrai,mocacube,mocacloc,mocaclon,mocacloh,mocanami,mocaregi,mocadigi,mocalett,mocaser7,mocarepe,mocaflue,mocaabst,mocarecn,mocarecc,mocarecr,mocaordt,mocaormo,mocaoryr,mocaordy,mocaorpl,mocaorct,trigram,spatial,trailb,srt1f,srt1c,srt2f,srt2c,srt3f,srt3c,WHODIDDX,NORMCOG,DEMENTED,MCIAMEM,MCIAPLUS,MCIAPLAN,MCIAPATT,MCIAPEX,MCIAPVIS,MCINON1,MCIN1LAN,MCIN1ATT,MCIN1EX,MCIN1VIS,MCINON2,MCIN2LAN,MCIN2ATT,MCIN2EX,MCIN2VIS,IMPNOMCI,PROBAD,PROBADIF,POSSAD,POSSADIF,DLB,DLBIF,VASC,VASCIF,VASCPS,VASCPSIF,ALCDEM,ALCDEMIF,DEMUN,DEMUNIF,FTD,FTDIF,PPAPH,PPAPHIF,PNAPH,SEMDEMAN,SEMDEMAG,PPAOTHR,PSP,PSPIF,CORT,CORTIF,HUNT,HUNTIF,PRION,PRIONIF,MEDS,MEDSIF,DYSILL,DYSILLIF,DEP,DEPIF,OTHPSY,OTHPSYIF,DOWNS,DOWNSIF,PARK,STROKE,STROKIF,HYCEPH,HYCEPHIF,BRNINJ,BRNINJIF,NEOP,NEOPIF,COGOTH,COGOTHIF,COGOTH2,COGOTH2F,COGOTH3,COGOTH3F,hiv,dxmethod,amndem,pca,ppasyn,ppasynt,ftdsyn,lbdsyn,namndem,amylpet,amylcsf,fdgad,hippatr,taupetad,csftau,fdgftld,tpetftld,mrftld,datscan,othbiom,imaglinf,imaglac,imagmach,imagmich,imagmwmh,imagewmh,admut,ftldmut,othmut,alzdis,alzdisif,lbdis,lbdif,msa,msaif,ftldmo,ftldmoif,ftldnos,ftldnoif,ftldsubt,cvd,cvdif,prevstk,strokdec,stkimag,infnetw,infwmh,esstrem,esstreif,brnincte,epilep,epilepif,neopstat,hivif,othcog,othcogif,deptreat,bipoldx,bipoldif,schizop,schizoif,anxiet,anxietif,delir,delirif,ptsddx,ptsddxif,alcabuse,impsub,impsubif,memory,orient,judgment,commun,homehobb,perscare
OAS30007,OAS30007_MR_d2722,2722,MCI,MCI_STABLE,True,,,,,4456.0,1734,1095,"No AD through day 3817, and the participant was still non-AD when seen at day 4122, at or after the horizon.",2617,oasis3-supervised-labels-v2.1,M,78.0,3.0T,UNKNOWN,unresolved_codebook,Classification codebook is not frozen; D1 numeric semantics are not documented in this repository. Raw variables preserved.,28.0,0.5,0.5,none,oasis3-clinical-classification-v0-unfrozen,23.0,47.0,,24.0,9.0,6.0,13.5,23.0,48.0,6.0,4.0,52.0,27.0,68.0,58.0,14.0,13.0,7.0,100.0,120.0,40.0,49.0,97.72727273,,,,,,,,,,,,16.0,12.0,1.0,14.0,0.0,1.0,13.0,0.0,0.0,27.0,0.0,1.0,19.0,15.0,13.0,14.0,15.0,0.0,,,,,,,,,,,,,1.0,,1.0,1.0,,0.0,0.0,25.0,1.0,1.0,0.0,1.0,1.0,3.0,8.0,2.0,1.0,3.0,0.0,1.0,2.0,3.0,0.0,2.0,1.0,1.0,1.0,1.0,1.0,1.0,,,,6.0,10.0,7.0,9.0,10.0,6.0,,0.0,0.0,0.0,1.0,1.0,0.0,0.0,0.0,0.0,,,,,0.0,,,,,0.0,,,,,,,,,,,0.0,,,,,,,,,,,,0.0,,0.0,,0.0,,0.0,,0.0,,0.0,,0.0,,0.0,,0.0,,0.0,,,0.0,,0.0,,0.0,,0.0,,0.0,,0.0,,0.0,1.0,,,,,,,,8.0,8.0,8.0,8.0,8.0,8.0,8.0,8.0,8.0,8.0,0.0,8.0,8.0,8.0,8.0,8.0,8.0,9.0,9.0,9.0,1.0,1.0,0.0,,0.0,,0.0,,0.0,,,0.0,,,,,,,0.0,,,0.0,,,,0.0,,,0.0,,0.0,,0.0,,0.0,,0.0,,,0.0,,0.5,0.0,0.0,0.0,0.0,0.0
OAS30051,OAS30051_MR_d1286,1286,MCI,CENSORED,False,insufficient_followup,,,,1616.0,330,1095,"No AD recorded within the horizon, but the participant was never observed non-AD at or after day 2381 (last visit: day 1616). Outcome unobserved - censored, not stable.",1210,oasis3-supervised-labels-v2.1,F,69.0,3.0T,UNKNOWN,unresolved_codebook,Classification codebook is not frozen; D1 numeric semantics are not documented in this repository. Raw variables preserved.,30.0,3.0,0.5,none,oasis3-clinical-classification-v0-unfrozen,21.0,46.0,,18.0,15.0,7.0,18.0,25.0,47.0,5.0,3.0,61.0,29.0,69.0,58.0,13.0,16.0,8.0,100.0,120.0,40.0,52.0,100.0,,,,,,,,,,,,,,,,,,,,,,,,,,,,,,,,,,,,,,,,,,,,,,,,,,,,,,,,,,,,,,,,,,,,,,,,,,,7.0,9.0,8.0,7.0,10.0,6.0,1.0,0.0,0.0,0.0,1.0,0.0,1.0,1.0,0.0,0.0,,,,,0.0,,,,,0.0,1.0,1.0,,,0.0,,0.0,,0.0,,0.0,,0.0,,0.0,,0.0,,,,,,0.0,,0.0,,0.0,,0.0,,0.0,,0.0,,1.0,3.0,0.0,,0.0,,0.0,0.0,,0.0,,0.0,,0.0,,0.0,,0.0,,0.0,,,,,,,,,,,,,,,,,,,,,,,,,,,,,,,,,,,,,,,,,,,,,,,,,,,,,,,,,,,,,,,,,,,,,,,,0.5,0.5,1.0,0.5,0.5,0.0
OAS30068,OAS30068_MR_d0076,76,MCI,MCI_STABLE,True,,,,,1973.0,1897,1095,"No AD through day 1171, and the participant was still non-AD when seen at day 1173, at or after the horizon.",0,oasis3-supervised-labels-v2.1,M,72.0,3.0T,UNKNOWN,unresolved_codebook,Classification codebook is not frozen; D1 numeric semantics are not documented in this repository. Raw variables preserved.,30.0,0.5,0.5,none,oasis3-clinical-classification-v0-unfrozen,19.0,44.0,,14.0,8.0,6.0,7.5,16.0,45.0,,,32.0,53.0,96.0,,12.0,2.0,8.0,100.0,120.0,36.0,45.0,91.66666667,,,,,,,,,,,,16.0,9.0,1.0,3.0,0.0,0.0,8.0,0.0,0.0,11.0,0.0,0.0,16.0,13.0,15.0,11.0,18.0,0.0,28.0,27.0,1.0,1.0,1.0,0.0,9.0,7.0,10.0,7.0,,,1.0,,1.0,1.0,,0.0,0.0,20.0,1.0,1.0,1.0,1.0,1.0,2.0,10.0,2.0,1.0,2.0,1.0,0.0,0.0,1.0,1.0,2.0,1.0,1.0,1.0,1.0,1.0,1.0,,,,7.0,8.0,5.0,10.0,4.0,11.0,,0.0,0.0,1.0,0.0,,,,,0.0,,,,,0.0,,,,,0.0,,,,,,,,,,,0.0,,,,,,,,,,,,0.0,,0.0,,0.0,,0.0,,0.0,,0.0,,0.0,,0.0,,0.0,,0.0,,,0.0,,0.0,,0.0,,0.0,,0.0,,0.0,,0.0,1.0,,,,,,,,8.0,8.0,8.0,8.0,8.0,8.0,8.0,8.0,8.0,8.0,0.0,8.0,8.0,8.0,8.0,8.0,8.0,9.0,9.0,9.0,0.0,,0.0,,0.0,,0.0,,0.0,,,0.0,,,,,,,0.0,,,0.0,,,,0.0,,,0.0,,0.0,,0.0,,0.0,,0.0,,,0.0,,0.5,0.0,0.0,0.0,0.0,0.0
OAS30132,OAS30132_MR_d2288,2288,MCI,CENSORED,False,insufficient_followup,,,,3298.0,1010,1095,"No AD recorded within the horizon, but the participant was never observed non-AD at or after day 3383 (last visit: day 3298). Outcome unobserved - censored, not stable.",2238,oasis3-supervised-labels-v2.1,M,73.0,3.0T,UNKNOWN,unresolved_codebook,Classification codebook is not frozen; D1 numeric semantics are not documented in this repository. Raw variables preserved.,30.0,0.5,0.5,none,oasis3-clinical-classification-v0-unfrozen,23.0,37.0,,17.0,13.0,9.0,16.5,28.0,48.0,8.0,5.0,57.0,24.0,67.0,58.0,14.0,15.0,10.0,98.33333333,118.0,39.0,47.0,94.6969697,,,,,,,,,,,,,,,,,,,,,,,,,,,,,,,,,,,,,,,,,,,,,,,,,,,,,,,,,,,,,,,,,,,,,,,,,,,9.0,7.0,8.0,8.0,11.0,5.0,1.0,0.0,0.0,1.0,0.0,,,,,0.0,,,,,0.0,,,,,0.0,0.0,,1.0,1.0,0.0,,0.0,,0.0,,0.0,,0.0,,0.0,,0.0,,,,,,0.0,,0.0,,0.0,,0.0,,0.0,,0.0,,0.0,,0.0,,0.0,,0.0,0.0,,0.0,,0.0,,0.0,,0.0,,0.0,,0.0,,,,,,,,,,,,,,,,,,,,,,,,,,,,,,,,,,,,,,,,,,,,,,,,,,,,,,,,,,,,,,,,,,,,,,,,0.5,0.0,0.0,0.0,0.0,0.0
OAS30136,OAS30136_MR_d0063,63,MCI,MCI_STABLE,True,,,,,3078.0,3015,1095,"No AD through day 1158, and the participant was still non-AD when seen at day 1797, at or after the horizon.",0,oasis3-supervised-labels-v2.1,F,75.0,3.0T,UNKNOWN,unresolved_codebook,Classification codebook is not frozen; D1 numeric semantics are not documented in this repository. Raw variables preserved.,29.0,2.0,0.5,none,oasis3-clinical-classification-v0-unfrozen,19.0,28.0,,11.0,17.0,7.0,14.0,24.0,47.0,6.0,5.0,31.0,37.0,76.0,50.0,11.0,8.0,7.0,100.0,120.0,40.0,50.0,98.48484848,,,,,,,,,,,,,,,,,,,,,,,,,,,,,,,,,,,,,,,,,,,,,,,,,,,,,,,,,,,,,,,,,,,,,,,,,,,7.0,9.0,8.0,7.0,9.0,7.0,1.0,0.0,0.0,0.0,1.0,1.0,0.0,0.0,0.0,0.0,,,,,0.0,,,,,0.0,0.0,,1.0,1.0,0.0,,0.0,,1.0,2.0,0.0,,0.0,,0.0,,0.0,,,,,,0.0,,0.0,,0.0,,0.0,,0.0,,1.0,2.0,0.0,,0.0,,0.0,,0.0,0.0,,0.0,,0.0,,0.0,,0.0,,0.0,,0.0,,,,,,,,,,,,,,,,,,,,,,,,,,,,,,,,,,,,,,,,,,,,,,,,,,,,,,,,,,,,,,,,,,,,,,,,0.5,0.0,0.0,0.5,1.0,0.0
OAS30139,OAS30139_MR_d0101,101,MCI,MCI_STABLE,True,,,,,3496.0,3395,1095,"No AD through day 1196, and the participant was still non-AD when seen at day 1213, at or after the horizon.",0,oasis3-supervised-labels-v2.1,M,80.0,3.0T,UNKNOWN,unresolved_codebook,Classification codebook is not frozen; D1 numeric semantics are not documented in this repository. Raw variables preserved.,24.0,0.5,0.5,none,oasis3-clinical-classification-v0-unfrozen,11.0,20.0,,13.0,5.0,8.0,7.0,19.0,45.0,6.0,4.0,23.0,59.0,180.0,38.0,8.0,9.0,7.0,97.5,117.0,37.0,42.0,90.15151515,,,,,,,,,,,,,,,,,,,,,,,,,,,,,,,,,,,,,,,,,,,,,,,,,,,,,,,,,,,,,,,,,,,,,,,,,,,7.0,8.0,5.0,9.0,7.0,9.0,1.0,0.0,0.0,1.0,0.0,,,,,0.0,,,,,0.0,,,,,0.0,1.0,1.0,,,0.0,,0.0,,0.0,,0.0,,0.0,,0.0,,0.0,,,,,,0.0,,0.0,,0.0,,0.0,,0.0,,0.0,,0.0,,0.0,,0.0,,0.0,0.0,,0.0,,0.0,,0.0,,0.0,,0.0,,0.0,,0.0,,,,,,,,,,,,,,,,,,,,,,,,,,,,,,,,,,,,,,,,,,,,,,,,,,,,,,,,,,,,,,,,,,,,,,0.5,0.0,0.0,0.0,0.0,0.0
OAS30173,OAS30173_MR_d3030,3030,MCI,MCI_STABLE,True,,,,,6148.0,3118,1095,"No AD through day 4125, and the participant was still non-AD when seen at day 4604, at or after the horizon.",2971,oasis3-supervised-labels-v2.1,F,76.0,3.0T,UNKNOWN,unresolved_codebook,Classification codebook is not frozen; D1 numeric semantics are not documented in this repository. Raw variables preserved.,27.0,0.5,0.5,none,oasis3-clinical-classification-v0-unfrozen,8.0,0.0,,14.0,14.0,1.0,0.0,,,5.0,4.0,37.0,31.0,80.0,42.0,10.0,9.0,,85.83333333,103.0,40.0,48.0,96.96969697,,,,,,,,,,,,,,,,,,,,,,,,,,,,,,,,,,,,,,,,,,,,,,,,,,,,,,,,,,,,,,,,,,,,,,,,,,,,,,,,,1.0,0.0,0.0,1.0,0.0,,,,,0.0,,,,,0.0,,,,,0.0,0.0,,1.0,1.0,0.0,,0.0,,0.0,,0.0,,0.0,,0.0,,0.0,,,,,,0.0,,0.0,,0.0,,0.0,,0.0,,0.0,,0.0,,0.0,,0.0,,0.0,0.0,,0.0,,0.0,,0.0,,0.0,,0.0,,0.0,,,,,,,,,,,,,,,,,,,,,,,,,,,,,,,,,,,,,,,,,,,,,,,,,,,,,,,,,,,,,,,,,,,,,,,,0.5,0.0,0.0,0.0,0.0,0.0
OAS30181,OAS30181_MR_d0058,58,MCI,MCI_STABLE,True,,,,,1871.0,1813,1095,"No AD through day 1153, and the participant was still non-AD when seen at day 1507, at or after the horizon.",0,oasis3-supervised-labels-v2.1,F,66.0,3.0T,UNKNOWN,unresolved_codebook,Classification codebook is not frozen; D1 numeric semantics are not documented in this repository. Raw variables preserved.,30.0,1.0,0.5,none,oasis3-clinical-classification-v0-unfrozen,15.0,42.0,,16.0,13.0,8.0,10.0,39.0,48.0,,,58.0,20.0,56.0,,11.0,12.0,10.0,94.16666667,113.0,40.0,52.0,100.0,,,,,,,,,,,,14.0,12.0,1.0,12.0,0.0,0.0,7.0,1.0,0.0,19.0,1.0,0.0,22.0,16.0,18.0,16.0,14.0,0.0,30.0,30.0,1.0,0.0,2.0,0.0,5.0,6.0,7.0,5.0,,,1.0,,1.0,1.0,,0.0,0.0,23.0,0.0,1.0,1.0,1.0,0.0,2.0,8.0,2.0,1.0,3.0,1.0,1.0,1.0,3.0,1.0,1.0,1.0,1.0,1.0,1.0,1.0,1.0,,,,12.0,4.0,13.0,3.0,14.0,2.0,,0.0,0.0,0.0,1.0,0.0,1.0,1.0,0.0,0.0,,,,,0.0,,,,,0.0,,,,,,,,,,,0.0,,,,,,,,,,,,0.0,,0.0,,0.0,,0.0,,0.0,,0.0,,1.0,2.0,0.0,,0.0,,0.0,,,0.0,,0.0,,0.0,,1.0,1.0,1.0,2.0,0.0,,0.0,1.0,,,,,,,,8.0,8.0,8.0,8.0,8.0,8.0,8.0,8.0,8.0,8.0,0.0,8.0,8.0,8.0,8.0,8.0,8.0,9.0,9.0,9.0,0.0,,0.0,,0.0,,0.0,,0.0,,,0.0,,,,,,,0.0,,,0.0,,,,0.0,,1.0,0.0,,0.0,,0.0,,0.0,,0.0,,,0.0,,0.5,0.0,0.5,0.0,0.0,0.0
OAS30210,OAS30210_MR_d0047,47,MCI,CENSORED,False,no_followup_after_mri,,,,,0,1095,No clinical visit after the MRI; conversion status unobservable.,0,oasis3-supervised-labels-v2.1,F,83.0,3.0T,UNKNOWN,unresolved_codebook,Classification codebook is not frozen; D1 numeric semantics are not documented in this repository. Raw variables preserved.,30.0,0.5,0.5,none,oasis3-clinical-classification-v0-unfrozen,23.0,24.0,,20.0,22.0,4.0,13.0,26.0,48.0,,,33.0,39.0,89.0,,15.0,15.0,10.0,94.16666667,113.0,40.0,49.0,96.21212121,,,,,,,,,,,,14.0,5.0,1.0,17.0,0.0,0.0,15.0,4.0,1.0,32.0,4.0,1.0,27.0,19.0,28.0,19.0,20.0,0.0,26.0,24.0,4.0,26.0,6.0,1.0,6.0,5.0,8.0,6.0,,,1.0,,1.0,1.0,,0.0,0.0,25.0,1.0,1.0,1.0,0.0,0.0,2.0,10.0,2.0,1.0,3.0,2.0,1.0,2.0,3.0,0.0,2.0,1.0,1.0,1.0,1.0,1.0,1.0,,,,6.0,10.0,10.0,6.0,10.0,6.0,,0.0,0.0,1.0,0.0,,,,,0.0,,,,,0.0,,,,,0.0,,,,,,,,,,,0.0,,,,,,,,,,,,0.0,,0.0,,0.0,,0.0,,0.0,,0.0,,0.0,,0.0,,0.0,,0.0,,,0.0,,0.0,,0.0,,0.0,,0.0,,0.0,,0.0,1.0,,,,,,,,8.0,8.0,8.0,8.0,8.0,8.0,8.0,8.0,8.0,8.0,0.0,8.0,8.0,8.0,8.0,8.0,8.0,9.0,9.0,9.0,1.0,1.0,0.0,,0.0,,0.0,,0.0,,,0.0,,,,,,,0.0,,,0.0,,,,0.0,,,0.0,,0.0,,0.0,,0.0,,0.0,,,0.0,,0.5,0.0,0.0,0.0,0.0,0.0
OAS30257,OAS30257_MR_d3773,3773,MCI,CENSORED,False,insufficient_followup,,,,4682.0,909,1095,"No AD recorded within the horizon, but the participant was never observed non-AD at or after day 4868 (last visit: day 4682). Outcome unobserved - censored, not stable.",3628,oasis3-supervised-labels-v2.1,M,77.0,3.0T,UNKNOWN,unresolved_codebook,Classification codebook is not frozen; D1 numeric semantics are not documented in this repository. Raw variables preserved.,30.0,3.0,0.5,none,oasis3-clinical-classification-v0-unfrozen,25.0,36.0,,18.0,20.0,9.0,15.0,29.0,48.0,8.0,7.0,45.0,25.0,52.0,56.0,15.0,16.0,11.0,100.0,120.0,40.0,49.0,97.72727273,,,,,,,,,,,,14.0,10.0,1.0,21.0,0.0,0.0,25.0,2.0,0.0,46.0,2.0,0.0,23.0,16.0,11.0,12.0,13.0,0.0,,,,,,,,,,,,,1.0,,1.0,1.0,,0.0,0.0,27.0,1.0,1.0,1.0,0.0,1.0,3.0,10.0,2.0,1.0,3.0,2.0,1.0,1.0,4.0,1.0,,1.0,1.0,1.0,1.0,1.0,1.0,,,,8.0,8.0,11.0,5.0,10.0,6.0,,0.0,0.0,0.0,1.0,1.0,0.0,1.0,1.0,0.0,,,,,0.0,,,,,0.0,,,,,,,,,,,0.0,,,,,,,,,,,,0.0,,0.0,,0.0,,0.0,,0.0,,0.0,,0.0,,0.0,,0.0,,0.0,,,0.0,,0.0,,0.0,,0.0,,0.0,,0.0,,0.0,1.0,,,,,,,,8.0,8.0,8.0,8.0,8.0,8.0,8.0,8.0,8.0,8.0,0.0,8.0,8.0,8.0,8.0,8.0,8.0,9.0,9.0,9.0,1.0,1.0,0.0,,0.0,,0.0,,0.0,,,0.0,,,,,,,0.0,,,0.0,,,,0.0,,,0.0,,0.0,,0.0,,0.0,,0.0,,,0.0,,0.5,1.0,0.5,0.5,0.5,0.0
OAS30263,OAS30263_MR_d2477,2477,MCI,CENSORED,False,insufficient_followup,,,,4977.0,2500,1095,"No AD recorded within the horizon, but the participant was never observed non-AD at or after day 3572 (last visit: day 4977). Outcome unobserved - censored, not stable.",2321,oasis3-supervised-labels-v2.1,F,77.0,3.0T,UNKNOWN,unresolved_codebook,Classification codebook is not frozen; D1 numeric semantics are not documented in this repository. Raw variables preserved.,29.0,0.5,0.5,none,oasis3-clinical-classification-v0-unfrozen,19.0,43.0,,17.0,8.0,9.0,13.0,15.0,48.0,6.0,5.0,40.0,28.0,91.0,46.0,12.0,14.0,12.0,97.5,117.0,40.0,49.0,93.18181818,,,,,,,,,,,,,,,,,,,,,,,,,,,,,,,,,,,,,,,,,,,,,,,,,,,,,,,,,,,,,,,,,,,,,,,,,,,5.0,11.0,4.0,12.0,6.0,10.0,1.0,0.0,0.0,1.0,0.0,,,,,0.0,,,,,0.0,,,,,0.0,0.0,,0.0,,0.0,,0.0,,0.0,,0.0,,0.0,,0.0,,0.0,,,,,,0.0,,0.0,,0.0,,0.0,,1.0,2.0,1.0,1.0,1.0,3.0,0.0,,0.0,,0.0,0.0,,0.0,,0.0,,0.0,,0.0,,0.0,,0.0,,0.0,,,,,,,,,,,,,,,,,,,,,,,,,,,,,,,,,,,,,,,,,,,,,,,,,,,,,,,,,,,,,,,,,,,,,,0.5,0.0,0.0,0.0,0.0,0.0
OAS30263,OAS30263_MR_d2483,2483,MCI,CENSORED,False,insufficient_followup,,,,4977.0,2494,1095,"No AD recorded within the horizon, but the participant was never observed non-AD at or after day 3578 (last visit: day 4977). Outcome unobserved - censored, not stable.",2321,oasis3-supervised-labels-v2.1,F,77.0,3.0T,UNKNOWN,unresolved_codebook,Classification codebook is not frozen; D1 numeric semantics are not documented in this repository. Raw variables preserved.,29.0,0.5,0.5,none,oasis3-clinical-classification-v0-unfrozen,19.0,43.0,,17.0,8.0,9.0,13.0,15.0,48.0,6.0,5.0,40.0,28.0,91.0,46.0,12.0,14.0,12.0,97.5,117.0,40.0,49.0,93.18181818,,,,,,,,,,,,,,,,,,,,,,,,,,,,,,,,,,,,,,,,,,,,,,,,,,,,,,,,,,,,,,,,,,,,,,,,,,,5.0,11.0,4.0,12.0,6.0,10.0,1.0,0.0,0.0,1.0,0.0,,,,,0.0,,,,,0.0,,,,,0.0,0.0,,0.0,,0.0,,0.0,,0.0,,0.0,,0.0,,0.0,,0.0,,,,,,0.0,,0.0,,0.0,,0.0,,1.0,2.0,1.0,1.0,1.0,3.0,0.0,,0.0,,0.0,0.0,,0.0,,0.0,,0.0,,0.0,,0.0,,0.0,,0.0,,,,,,,,,,,,,,,,,,,,,,,,,,,,,,,,,,,,,,,,,,,,,,,,,,,,,,,,,,,,,,,,,,,,,,0.5,0.0,0.0,0.0,0.0,0.0
OAS30279,OAS30279_MR_d0136,136,MCI,MCI_TO_AD,True,,MCI_to_AD,756.0,620.0,1810.0,1674,1095,"AD recorded at day 756, within the 1095-day horizon.",0,oasis3-supervised-labels-v2.1,F,73.0,3.0T,UNKNOWN,unresolved_codebook,Classification codebook is not frozen; D1 numeric semantics are not documented in this repository. Raw variables preserved.,28.0,0.5,0.5,none,oasis3-clinical-classification-v0-unfrozen,12.0,,,9.0,7.0,3.0,,,,6.0,3.0,17.0,62.0,180.0,22.0,7.0,6.0,5.0,,,,,,,,,,,,,,,,,,,,,,,,,,,,,,,,,,,,,,,,,,,,,,,,,,,,,,,,,,,,,,,,,,,,,,,,,,,,,,,,,,,,,,1.0,0.0,0.0,1.0,0.0,,,,,0.0,,,,,0.0,,,,,0.0,0.0,,0.0,,0.0,,0.0,,0.0,,0.0,,1.0,1.0,0.0,,0.0,,,,,,0.0,,0.0,,0.0,,0.0,,0.0,,0.0,,0.0,,0.0,,0.0,,0.0,0.0,,0.0,,0.0,,0.0,,0.0,,0.0,,0.0,,,,,,,,,,,,,,,,,,,,,,,,,,,,,,,,,,,,,,,,,,,,,,,,,,,,,,,,,,,,,,,,,,,,,,,,0.5,0.0,0.0,0.0,0.0,0.0
OAS30355,OAS30355_MR_d0048,48,MCI,MCI_STABLE,True,,,,,3128.0,3080,1095,"No AD through day 1143, and the participant was still non-AD when seen at day 1149, at or after the horizon.",0,oasis3-supervised-labels-v2.1,M,66.0,3.0T,UNKNOWN,unresolved_codebook,Classification codebook is not frozen; D1 numeric semantics are not documented in this repository. Raw variables preserved.,30.0,1.0,0.5,none,oasis3-clinical-classification-v0-unfrozen,22.0,30.0,,14.0,8.0,6.0,16.5,27.0,48.0,7.0,4.0,46.0,27.0,68.0,58.0,9.0,2.0,9.0,95.0,114.0,40.0,47.0,95.45454545,,,,,,,,,,,,,,,,,,,,,,,,,,,,,,,,,,,,,,,,,,,,,,,,,,,,,,,,,,,,,,,,,,,,,,,,,,,9.0,7.0,9.0,7.0,9.0,7.0,1.0,0.0,0.0,1.0,0.0,,,,,0.0,,,,,0.0,,,,,0.0,0.0,,1.0,1.0,0.0,,0.0,,0.0,,0.0,,0.0,,0.0,,0.0,,,,,,0.0,,0.0,,0.0,,0.0,,0.0,,0.0,,1.0,3.0,0.0,,0.0,,0.0,0.0,,0.0,,0.0,,0.0,,0.0,,0.0,,0.0,,,,,,,,,,,,,,,,,,,,,,,,,,,,,,,,,,,,,,,,,,,,,,,,,,,,,,,,,,,,,,,,,,,,,,,,0.5,0.0,0.0,0.5,0.0,0.0
OAS30369,OAS30369_MR_d5872,5872,MCI,MCI_STABLE,True,,,,,8793.0,2921,1095,"No AD through day 6967, and the participant was still non-AD when seen at day 7265, at or after the horizon.",5803,oasis3-supervised-labels-v2.1,F,80.0,3.0T,UNKNOWN,unresolved_codebook,Classification codebook is not frozen; D1 numeric semantics are not documented in this repository. Raw variables preserved.,30.0,1.5,0.5,none,oasis3-clinical-classification-v0-unfrozen,28.0,28.0,,20.0,16.0,7.0,15.0,25.0,48.0,6.0,4.0,40.0,44.0,125.0,58.0,22.0,21.0,7.0,97.5,117.0,40.0,49.0,97.72727273,,,,,,,,,,,,,,,,,,,,,,,,,,,,,,,,,,,,,,,,,,,,,,,,,,,,,,,,,,,,,,,,,,,,,,,,,,,7.0,9.0,9.0,7.0,9.0,7.0,1.0,0.0,0.0,0.0,1.0,,,1.0,,0.0,,,,,0.0,,,,,0.0,0.0,,1.0,1.0,0.0,,0.0,,0.0,,0.0,,0.0,,0.0,,0.0,,,,,,0.0,,0.0,,0.0,,0.0,,0.0,,0.0,,0.0,,0.0,,0.0,,0.0,0.0,,0.0,,0.0,,0.0,,0.0,,0.0,,0.0,,0.0,,,,,,,,,,,,,,,,,,,,,,,,,,,,,,,,,,,,,,,,,,,,,,,,,,,,,,,,,,,,,,,,,,,,,,0.5,0.0,0.0,0.5,0.5,0.0
OAS30369,OAS30369_MR_d5880,5880,MCI,MCI_STABLE,True,,,,,8793.0,2913,1095,"No AD through day 6975, and the participant was still non-AD when seen at day 7265, at or after the horizon.",5803,oasis3-supervised-labels-v2.1,F,80.0,3.0T,UNKNOWN,unresolved_codebook,Classification codebook is not frozen; D1 numeric semantics are not documented in this repository. Raw variables preserved.,30.0,1.5,0.5,none,oasis3-clinical-classification-v0-unfrozen,28.0,28.0,,20.0,16.0,7.0,15.0,25.0,48.0,6.0,4.0,40.0,44.0,125.0,58.0,22.0,21.0,7.0,97.5,117.0,40.0,49.0,97.72727273,,,,,,,,,,,,,,,,,,,,,,,,,,,,,,,,,,,,,,,,,,,,,,,,,,,,,,,,,,,,,,,,,,,,,,,,,,,7.0,9.0,9.0,7.0,9.0,7.0,1.0,0.0,0.0,0.0,1.0,,,1.0,,0.0,,,,,0.0,,,,,0.0,0.0,,1.0,1.0,0.0,,0.0,,0.0,,0.0,,0.0,,0.0,,0.0,,,,,,0.0,,0.0,,0.0,,0.0,,0.0,,0.0,,0.0,,0.0,,0.0,,0.0,0.0,,0.0,,0.0,,0.0,,0.0,,0.0,,0.0,,0.0,,,,,,,,,,,,,,,,,,,,,,,,,,,,,,,,,,,,,,,,,,,,,,,,,,,,,,,,,,,,,,,,,,,,,,0.5,0.0,0.0,0.5,0.5,0.0
OAS30377,OAS30377_MR_d0048,48,MCI,MCI_STABLE,True,,,,,1865.0,1817,1095,"No AD through day 1143, and the participant was still non-AD when seen at day 1445, at or after the horizon.",0,oasis3-supervised-labels-v2.1,F,74.0,3.0T,UNKNOWN,unresolved_codebook,Classification codebook is not frozen; D1 numeric semantics are not documented in this repository. Raw variables preserved.,29.0,2.0,0.5,none,oasis3-clinical-classification-v0-unfrozen,26.0,31.0,,21.0,19.0,3.0,0.0,,,,,42.0,37.0,110.0,,17.0,17.0,9.0,96.66666667,116.0,,,,,,,,,,,,,,,16.0,13.0,1.0,21.0,0.0,0.0,13.0,1.0,1.0,34.0,1.0,1.0,21.0,11.0,15.0,9.0,14.0,0.0,32.0,32.0,0.0,,0.0,,12.0,8.0,5.0,4.0,,,1.0,,1.0,1.0,,0.0,0.0,29.0,1.0,1.0,1.0,1.0,1.0,3.0,10.0,2.0,1.0,3.0,2.0,1.0,2.0,4.0,1.0,,1.0,1.0,1.0,1.0,1.0,1.0,,,,,,,,,,,0.0,0.0,0.0,1.0,0.0,1.0,1.0,0.0,0.0,,,,,0.0,,,,,0.0,,,,,,,,,,,0.0,,,,,,,,,,,,0.0,,0.0,,0.0,,0.0,,1.0,1.0,0.0,,1.0,3.0,0.0,,0.0,,0.0,,,0.0,,0.0,,0.0,,1.0,2.0,0.0,,0.0,,0.0,1.0,,,,,,,,8.0,8.0,8.0,8.0,8.0,8.0,8.0,8.0,8.0,8.0,0.0,8.0,8.0,8.0,8.0,8.0,8.0,9.0,9.0,9.0,0.0,,0.0,,0.0,,0.0,,0.0,,,0.0,,,,,,,0.0,,,0.0,,,,1.0,2.0,1.0,0.0,,0.0,,0.0,,0.0,,0.0,,,0.0,,0.5,0.0,0.5,0.5,0.5,0.0
OAS30410,OAS30410_MR_d0034,34,MCI,MCI_TO_AD,True,,MCI_to_AD,358.0,324.0,1049.0,1015,1095,"AD recorded at day 358, within the 1095-day horizon.",0,oasis3-supervised-labels-v2.1,F,74.0,3.0T,UNKNOWN,unresolved_codebook,Classification codebook is not frozen; D1 numeric semantics are not documented in this repository. Raw variables preserved.,25.0,2.0,0.5,none,oasis3-clinical-classification-v0-unfrozen,18.0,20.0,,11.0,9.0,9.0,8.5,3.0,24.0,6.0,5.0,28.0,58.0,180.0,48.0,4.0,0.0,8.0,,,36.0,21.0,67.42424242,,,,,,,,,,,,16.0,0.0,0.0,13.0,1.0,0.0,9.0,1.0,0.0,22.0,2.0,0.0,15.0,13.0,0.0,1.0,16.0,1.0,,,,,,,,,,,,,,,,,,,,,,,,,,,,,,,,,,,,,,,,,,,,,,3.0,5.0,0.0,8.0,0.0,8.0,1.0,0.0,0.0,0.0,1.0,0.0,0.0,1.0,0.0,0.0,,,,,0.0,,,,,0.0,1.0,1.0,,,0.0,,0.0,,0.0,,0.0,,0.0,,0.0,,0.0,,,,,,0.0,,0.0,,0.0,,0.0,,0.0,,0.0,,0.0,,0.0,,0.0,,0.0,0.0,,0.0,,0.0,,0.0,,0.0,,0.0,,0.0,,,,,,,,,,,,,,,,,,,,,,,,,,,,,,,,,,,,,,,,,,,,,,,,,,,,,,,,,,,,,,,,,,,,,,,,0.5,0.5,0.5,0.0,0.5,0.0
OAS30445,OAS30445_MR_d0133,133,MCI,MCI_STABLE,True,,,,,2232.0,2099,1095,"No AD through day 1228, and the participant was still non-AD when seen at day 1464, at or after the horizon.",0,oasis3-supervised-labels-v2.1,F,65.0,3.0T,UNKNOWN,unresolved_codebook,Classification codebook is not frozen; D1 numeric semantics are not documented in this repository. Raw variables preserved.,29.0,1.0,0.5,none,oasis3-clinical-classification-v0-unfrozen,23.0,44.0,,31.0,15.0,9.0,13.0,32.0,48.0,7.0,7.0,52.0,23.0,45.0,60.0,19.0,17.0,11.0,100.0,120.0,40.0,52.0,100.0,,,,,,,,,,,,,,,,,,,,,,,,,,,,,,,,,,,,,,,,,,,,,,,,,,,,,,,,,,,,,,,,,,,,,,,,,,,8.0,8.0,12.0,4.0,12.0,4.0,1.0,0.0,0.0,0.0,0.0,,,,,1.0,0.0,0.0,1.0,0.0,0.0,,,,,0.0,0.0,,1.0,1.0,0.0,,0.0,,0.0,,0.0,,0.0,,0.0,,0.0,,,,,,0.0,,0.0,,0.0,,0.0,,0.0,,0.0,,0.0,,0.0,,0.0,,0.0,0.0,,0.0,,0.0,,0.0,,0.0,,0.0,,0.0,,,,,,,,,,,,,,,,,,,,,,,,,,,,,,,,,,,,,,,,,,,,,,,,,,,,,,,,,,,,,,,,,,,,,,,,0.0,0.0,0.5,0.5,0.0,0.0
OAS30448,OAS30448_MR_d0101,101,MCI,MCI_STABLE,True,,,,,2257.0,2156,1095,"No AD through day 1196, and the participant was still non-AD when seen at day 1515, at or after the horizon.",0,oasis3-supervised-labels-v2.1,F,67.0,3.0T,UNKNOWN,unresolved_codebook,Classification codebook is not frozen; D1 numeric semantics are not documented in this repository. Raw variables preserved.,30.0,2.0,0.5,none,oasis3-clinical-classification-v0-unfrozen,14.0,36.0,,23.0,14.0,7.0,15.5,29.0,48.0,,,45.0,36.0,83.0,,15.0,12.0,10.0,99.16666667,119.0,40.0,52.0,100.0,,,,,,,,,,,,15.0,15.0,1.0,11.0,0.0,0.0,13.0,1.0,0.0,24.0,0.0,1.0,16.0,13.0,17.0,12.0,19.0,0.0,28.0,28.0,0.0,,4.0,0.0,10.0,7.0,9.0,6.0,,,1.0,,1.0,1.0,,0.0,0.0,24.0,1.0,0.0,1.0,1.0,1.0,3.0,10.0,2.0,1.0,3.0,1.0,0.0,2.0,2.0,3.0,,1.0,1.0,1.0,1.0,1.0,1.0,,,,7.0,9.0,10.0,6.0,12.0,4.0,,0.0,0.0,0.0,1.0,0.0,1.0,1.0,0.0,0.0,,,,,0.0,,,,,0.0,,,,,,,,,,,0.0,,,,,,,,,,,,0.0,,0.0,,0.0,,0.0,,0.0,,0.0,,0.0,,0.0,,0.0,,0.0,,,0.0,,0.0,,0.0,,0.0,,0.0,,0.0,,0.0,1.0,,,,,,,,8.0,8.0,8.0,8.0,8.0,8.0,8.0,8.0,8.0,8.0,0.0,8.0,8.0,8.0,8.0,8.0,8.0,9.0,9.0,9.0,1.0,1.0,0.0,,0.0,,0.0,,0.0,,,0.0,,,,,,,0.0,,,0.0,,,,0.0,,,0.0,,0.0,,1.0,2.0,0.0,,0.0,,,0.0,,0.5,0.5,0.5,0.0,0.5,0.0
OAS30452,OAS30452_MR_d4501,4501,MCI,MCI_STABLE,True,,,,,6646.0,2145,1095,"No AD through day 5596, and the participant was still non-AD when seen at day 5617, at or after the horizon.",4431,oasis3-supervised-labels-v2.1,F,60.0,3.0T,UNKNOWN,unresolved_codebook,Classification codebook is not frozen; D1 numeric semantics are not documented in this repository. Raw variables preserved.,28.0,0.5,0.5,none,oasis3-clinical-classification-v0-unfrozen,,,28.0,15.0,,,,32.0,48.0,,,,46.0,94.0,,,,7.0,75.0,90.0,38.0,45.0,92.42424242,16.0,18.0,15.0,25.0,18.0,25.0,,,,,,,,,,,,,,,,,,,,,,,,,,,,,,,,,,,,1.0,,1.0,1.0,,0.0,0.0,29.0,1.0,1.0,1.0,1.0,1.0,3.0,9.0,2.0,1.0,3.0,2.0,1.0,2.0,4.0,0.0,1.0,1.0,1.0,1.0,1.0,1.0,1.0,38.0,67.0,94.0,8.0,8.0,11.0,5.0,13.0,3.0,,0.0,0.0,1.0,0.0,,,,,0.0,,,,,0.0,,,,,0.0,,,,,,,,,,,0.0,,,,,,,,,,,,0.0,,0.0,,0.0,,0.0,,1.0,1.0,0.0,,1.0,3.0,0.0,,0.0,,0.0,,,0.0,,1.0,3.0,0.0,,0.0,,0.0,,0.0,,0.0,1.0,,,,,,,,8.0,8.0,8.0,8.0,8.0,8.0,8.0,8.0,8.0,8.0,0.0,8.0,8.0,8.0,8.0,8.0,8.0,9.0,9.0,9.0,0.0,,0.0,,0.0,,0.0,,0.0,,,0.0,,,,,,,0.0,,0.0,1.0,3.0,,,0.0,,1.0,0.0,,0.0,,0.0,,0.0,,0.0,,,0.0,,0.5,0.0,0.0,0.0,0.0,0.0
OAS30498,OAS30498_MR_d0132,132,MCI,MCI_STABLE,True,,,,,3690.0,3558,1095,"No AD through day 1227, and the participant was still non-AD when seen at day 2867, at or after the horizon.",0,oasis3-supervised-labels-v2.1,M,66.0,3.0T,UNKNOWN,unresolved_codebook,Classification codebook is not frozen; D1 numeric semantics are not documented in this repository. Raw variables preserved.,28.0,2.0,0.5,none,oasis3-clinical-classification-v0-unfrozen,12.0,32.0,,22.0,8.0,6.0,11.0,29.0,48.0,6.0,5.0,51.0,20.0,55.0,58.0,12.0,12.0,11.0,99.16666667,119.0,40.0,45.0,93.93939394,,,,,,,,,,,,,,,,,,,,,,,,,,,,,,,,,,,,,,,,,,,,,,,,,,,,,,,,,,,,,,,,,,,,,,,,,,,7.0,9.0,10.0,6.0,12.0,4.0,1.0,0.0,0.0,0.0,1.0,,,,,0.0,,,,,0.0,,,,,0.0,1.0,1.0,,,0.0,,0.0,,0.0,,0.0,,0.0,,0.0,,0.0,,,,,,0.0,,0.0,,0.0,,0.0,,0.0,,0.0,,1.0,3.0,0.0,,0.0,,0.0,0.0,,0.0,,0.0,,0.0,,0.0,,0.0,,0.0,,0.0,,,,,,,,,,,,,,,,,,,,,,,,,,,,,,,,,,,,,,,,,,,,,,,,,,,,,,,,,,,,,,,,,,,,,,0.5,0.5,0.5,0.5,0.0,0.0
OAS30556,OAS30556_MR_d0035,35,MCI,CENSORED,False,no_followup_after_mri,,,,,0,1095,No clinical visit after the MRI; conversion status unobservable.,0,oasis3-supervised-labels-v2.1,F,70.0,3.0T,UNKNOWN,unresolved_codebook,Classification codebook is not frozen; D1 numeric semantics are not documented in this repository. Raw variables preserved.,25.0,1.5,0.5,none,oasis3-clinical-classification-v0-unfrozen,10.0,20.0,,8.0,7.0,6.0,9.5,19.0,46.0,6.0,5.0,46.0,40.0,180.0,28.0,6.0,4.0,7.0,98.33333333,118.0,37.0,34.0,66.66666667,,,,,,,,,,,,,,,,,,,,,,,,,,,,,,,,,,,,,,,,,,,,,,,,,,,,,,,,,,,,,,,,,,,,,,,,,,,5.0,11.0,7.0,7.0,7.0,9.0,1.0,0.0,0.0,0.0,1.0,1.0,0.0,0.0,0.0,0.0,,,,,0.0,,,,,0.0,1.0,1.0,,,0.0,,0.0,,0.0,,0.0,,0.0,,0.0,,0.0,,,,,,0.0,,0.0,,0.0,,0.0,,0.0,,0.0,,0.0,,0.0,,0.0,,0.0,0.0,,0.0,,0.0,,0.0,,0.0,,0.0,,0.0,,,,,,,,,,,,,,,,,,,,,,,,,,,,,,,,,,,,,,,,,,,,,,,,,,,,,,,,,,,,,,,,,,,,,,,,0.5,0.0,0.5,0.0,0.5,0.0
OAS30573,OAS30573_MR_d0515,515,MCI,MCI_TO_AD,True,,MCI_to_AD,1414.0,899.0,1414.0,899,1095,"AD recorded at day 1414, within the 1095-day horizon.",382,oasis3-supervised-labels-v2.1,F,70.0,3.0T,UNKNOWN,unresolved_codebook,Classification codebook is not frozen; D1 numeric semantics are not documented in this repository. Raw variables preserved.,29.0,2.0,0.5,none,oasis3-clinical-classification-v0-unfrozen,23.0,28.0,,18.0,13.0,9.0,18.5,28.0,47.0,8.0,6.0,44.0,55.0,130.0,56.0,15.0,13.0,10.0,99.16666667,119.0,39.0,51.0,98.48484848,,,,,,,,,,,,13.0,9.0,1.0,9.0,0.0,3.0,15.0,2.0,0.0,24.0,2.0,3.0,30.0,20.0,29.0,19.0,17.0,0.0,,,,,,,,,,,,,1.0,,1.0,1.0,,0.0,0.0,25.0,1.0,0.0,1.0,1.0,1.0,3.0,10.0,2.0,1.0,3.0,2.0,1.0,2.0,1.0,2.0,2.0,1.0,1.0,1.0,1.0,1.0,1.0,,,,8.0,8.0,10.0,6.0,10.0,5.0,,0.0,0.0,0.0,1.0,0.0,0.0,1.0,1.0,0.0,,,,,0.0,,,,,0.0,,,,,,,,,,,0.0,,,,,,,,,,,,0.0,,0.0,,0.0,,0.0,,1.0,1.0,0.0,,1.0,3.0,0.0,,0.0,,0.0,,,0.0,,0.0,,0.0,,0.0,,0.0,,0.0,,0.0,1.0,,,,,,,,8.0,8.0,8.0,8.0,8.0,8.0,8.0,8.0,8.0,8.0,0.0,8.0,8.0,8.0,8.0,8.0,8.0,9.0,9.0,9.0,0.0,,0.0,,0.0,,0.0,,0.0,,,0.0,,,,,,,1.0,3.0,,0.0,,,,0.0,,1.0,0.0,,0.0,,0.0,,0.0,,0.0,,,0.0,,0.5,0.5,0.5,0.0,0.5,0.0
OAS30576,OAS30576_MR_d0084,84,MCI,MCI_TO_AD,True,,MCI_to_AD,385.0,301.0,3774.0,3690,1095,"AD recorded at day 385, within the 1095-day horizon.",0,oasis3-supervised-labels-v2.1,F,75.0,3.0T,UNKNOWN,unresolved_codebook,Classification codebook is not frozen; D1 numeric semantics are not documented in this repository. Raw variables preserved.,28.0,1.0,0.5,none,oasis3-clinical-classification-v0-unfrozen,21.0,24.0,,12.0,8.0,6.0,8.0,20.0,44.0,8.0,7.0,46.0,37.0,104.0,42.0,11.0,6.0,11.0,99.0,,,,95.0,,,,,,,,,,,,,,,,,,,,,,,,,,,,,,,,,,,,,,,,,,,,,,,,,,,,,,,,,,,,,,,,,,,,,,,,,,,5.0,10.0,8.0,7.0,7.0,7.0,1.0,0.0,0.0,0.0,1.0,,,1.0,,0.0,,,,,0.0,,,,,0.0,1.0,1.0,,,0.0,,0.0,,0.0,,0.0,,0.0,,0.0,,0.0,,,,,,0.0,,0.0,,0.0,,0.0,,0.0,,0.0,,1.0,3.0,0.0,,0.0,,0.0,0.0,,0.0,,0.0,,0.0,,0.0,,0.0,,0.0,,,,,,,,,,,,,,,,,,,,,,,,,,,,,,,,,,,,,,,,,,,,,,,,,,,,,,,,,,,,,,,,,,,,,,,,0.5,0.5,0.0,0.0,0.0,0.0
OAS30593,OAS30593_MR_d4025,4025,MCI,MCI_STABLE,True,,,,,6903.0,2878,1095,"No AD through day 5120, and the participant was still non-AD when seen at day 5778, at or after the horizon.",3919,oasis3-supervised-labels-v2.1,M,76.0,3.0T,UNKNOWN,unresolved_codebook,Classification codebook is not frozen; D1 numeric semantics are not documented in this repository. Raw variables preserved.,29.0,1.0,0.5,none,oasis3-clinical-classification-v0-unfrozen,22.0,31.0,,9.0,8.0,8.0,14.5,18.0,46.0,6.0,3.0,37.0,37.0,180.0,54.0,7.0,6.0,7.0,98.33333333,118.0,39.0,47.0,95.45454545,,,,,,,,,,,,,,,,,,,,,,,,,,,,,,,,,,,,,,,,,,,,,,,,,,,,,,,,,,,,,,,,,,,,,,,,,,,5.0,11.0,7.0,8.0,6.0,9.0,1.0,0.0,0.0,0.0,1.0,1.0,0.0,1.0,0.0,0.0,,,,,0.0,,,,,0.0,0.0,,1.0,1.0,0.0,,0.0,,0.0,,0.0,,0.0,,0.0,,0.0,,,,,,0.0,,0.0,,0.0,,0.0,,0.0,,0.0,,0.0,,0.0,,0.0,,0.0,0.0,,0.0,,0.0,,0.0,,0.0,,0.0,,0.0,,,,,,,,,,,,,,,,,,,,,,,,,,,,,,,,,,,,,,,,,,,,,,,,,,,,,,,,,,,,,,,,,,,,,,,,0.5,0.0,0.5,0.0,0.0,0.0
OAS30614,OAS30614_MR_d4088,4088,MCI,CENSORED,False,insufficient_followup,,,,7701.0,3613,1095,"No AD recorded within the horizon, but the participant was never observed non-AD at or after day 5183 (last visit: day 7701). Outcome unobserved - censored, not stable.",3989,oasis3-supervised-labels-v2.1,F,84.0,3.0T,UNKNOWN,unresolved_codebook,Classification codebook is not frozen; D1 numeric semantics are not documented in this repository. Raw variables preserved.,29.0,0.5,0.5,none,oasis3-clinical-classification-v0-unfrozen,12.0,28.0,,12.0,6.0,4.0,16.5,33.0,48.0,4.0,3.0,27.0,43.0,146.0,58.0,6.0,3.0,7.0,99.16666667,119.0,40.0,43.0,92.42424242,,,,,,,,,,,,,,,,,,,,,,,,,,,,,,,,,,,,,,,,,,,,,,,,,,,,,,,,,,,,,,,,,,,,,,,,,,,11.0,5.0,11.0,5.0,11.0,5.0,1.0,0.0,0.0,1.0,0.0,,,,,0.0,,,,,0.0,,,,,0.0,0.0,,1.0,1.0,0.0,,0.0,,0.0,,0.0,,0.0,,0.0,,0.0,,,,,,0.0,,0.0,,0.0,,0.0,,0.0,,0.0,,0.0,,0.0,,0.0,,0.0,0.0,,0.0,,0.0,,0.0,,0.0,,0.0,,0.0,,0.0,,,,,,,,,,,,,,,,,,,,,,,,,,,,,,,,,,,,,,,,,,,,,,,,,,,,,,,,,,,,,,,,,,,,,,0.5,0.0,0.0,0.0,0.0,0.0
OAS30630,OAS30630_MR_d0133,133,MCI,MCI_TO_AD,True,,MCI_to_AD,826.0,693.0,1944.0,1811,1095,"AD recorded at day 826, within the 1095-day horizon.",0,oasis3-supervised-labels-v2.1,M,69.0,3.0T,UNKNOWN,unresolved_codebook,Classification codebook is not frozen; D1 numeric semantics are not documented in this repository. Raw variables preserved.,30.0,1.5,0.5,none,oasis3-clinical-classification-v0-unfrozen,23.0,28.0,,24.0,10.0,6.0,7.0,13.0,41.0,8.0,5.0,30.0,52.0,137.0,54.0,9.0,6.0,11.0,97.5,117.0,40.0,31.0,84.09090909,,,,,,,,,,,,,,,,,,,,,,,,,,,,,,,,,,,,,,,,,,,,,,,,,,,,,,,,,,,,,,,,,,,,,,,,,,,6.0,6.0,2.0,11.0,5.0,11.0,1.0,0.0,0.0,0.0,1.0,,,,,0.0,,,,,0.0,,,,,0.0,1.0,1.0,,,0.0,,0.0,,0.0,,0.0,,0.0,,0.0,,0.0,,,,,,0.0,,0.0,,0.0,,0.0,,0.0,,0.0,,0.0,,0.0,,0.0,,0.0,0.0,,0.0,,0.0,,1.0,3.0,0.0,,0.0,,0.0,,0.0,,,,,,,,,,,,,,,,,,,,,,,,,,,,,,,,,,,,,,,,,,,,,,,,,,,,,,,,,,,,,,,,,,,,,,0.5,0.0,0.5,0.5,0.0,0.0
OAS30665,OAS30665_MR_d4735,4735,MCI,CENSORED,False,no_followup_after_mri,,,,,0,1095,No clinical visit after the MRI; conversion status unobservable.,4634,oasis3-supervised-labels-v2.1,F,89.0,3.0T,UNKNOWN,unresolved_codebook,Classification codebook is not frozen; D1 numeric semantics are not documented in this repository. Raw variables preserved.,26.0,1.5,0.5,none,oasis3-clinical-classification-v0-unfrozen,18.0,28.0,,23.0,15.0,6.0,,26.0,46.0,7.0,4.0,45.0,39.0,82.0,54.0,8.0,4.0,12.0,,,,,,,,,,,,,,,,,,,,,,,,,,,,,,,,,,,,,,,,,,,,,,,,,,,,,,,,,,,,,,,,,,,,,,,,,,,,,,,,5.0,10.0,11.0,4.0,10.0,6.0,1.0,0.0,0.0,0.0,1.0,0.0,0.0,1.0,0.0,0.0,,,,,0.0,,,,,0.0,0.0,,1.0,1.0,0.0,,0.0,,0.0,,0.0,,0.0,,0.0,,0.0,,,,,,0.0,,0.0,,0.0,,0.0,,0.0,,0.0,,1.0,2.0,0.0,,0.0,,0.0,0.0,,0.0,,0.0,,0.0,,0.0,,0.0,,0.0,,,,,,,,,,,,,,,,,,,,,,,,,,,,,,,,,,,,,,,,,,,,,,,,,,,,,,,,,,,,,,,,,,,,,,,,0.5,0.5,0.5,0.0,0.0,0.0
OAS30672,OAS30672_MR_d0107,107,MCI,MCI_TO_AD,True,,MCI_to_AD,329.0,222.0,3010.0,2903,1095,"AD recorded at day 329, within the 1095-day horizon.",0,oasis3-supervised-labels-v2.1,M,77.0,3.0T,UNKNOWN,unresolved_codebook,Classification codebook is not frozen; D1 numeric semantics are not documented in this repository. Raw variables preserved.,29.0,1.0,0.5,none,oasis3-clinical-classification-v0-unfrozen,22.0,28.0,21.0,25.0,12.0,6.0,10.0,33.0,48.0,7.0,4.0,38.0,32.0,175.0,58.0,15.0,14.0,,,,,,,,,,,,,,,,,,,,,,,,,,,,,,,,,,,,,,,,,,,,,,,,,,,,,,,,,,,,,,,,,,,,,,,,,,,,,,,,,9.0,7.0,11.0,5.0,13.0,3.0,1.0,0.0,0.0,0.0,1.0,,0.0,1.0,,0.0,,,,,0.0,,,,,0.0,0.0,,0.0,,0.0,,0.0,,0.0,,0.0,,0.0,,0.0,,0.0,,,,,,0.0,,0.0,,0.0,,0.0,,0.0,,0.0,,0.0,,0.0,,0.0,,0.0,0.0,,0.0,,0.0,,0.0,,0.0,,0.0,,0.0,,,,,,,,,,,,,,,,,,,,,,,,,,,,,,,,,,,,,,,,,,,,,,,,,,,,,,,,,,,,,,,,,,,,,,,,0.5,0.0,0.5,0.0,0.0,0.0
OAS30717,OAS30717_MR_d2476,2476,MCI,MCI_STABLE,True,,,,,4882.0,2406,1095,"No AD through day 3571, and the participant was still non-AD when seen at day 3789, at or after the horizon.",2460,oasis3-supervised-labels-v2.1,F,64.0,3.0T,UNKNOWN,unresolved_codebook,Classification codebook is not frozen; D1 numeric semantics are not documented in this repository. Raw variables preserved.,29.0,0.5,0.5,none,oasis3-clinical-classification-v0-unfrozen,,,27.0,24.0,,,,36.0,48.0,,,,40.0,94.0,,,,12.0,99.16666667,119.0,38.0,51.0,96.21212121,20.0,37.0,25.0,34.0,32.0,22.0,,,,,,,,,,,,,,,,,,,,,,,,,,,,,,,,,,,,,,,,,,,,,,,,,,,,,,,,,,,,,,,,,,53.0,63.0,94.0,9.0,7.0,13.0,3.0,14.0,2.0,1.0,0.0,0.0,1.0,0.0,,,,,0.0,,,,,0.0,,,,,0.0,0.0,,,,0.0,,0.0,,,,0.0,,0.0,,0.0,,0.0,,,,,,0.0,,0.0,,0.0,,0.0,,0.0,,0.0,,0.0,,0.0,,0.0,,0.0,0.0,,0.0,,0.0,,0.0,,0.0,,0.0,,0.0,,,,,,,,,,,,,,,,,,,,,,,,,,,,,,,,,,,,,,,,,,,,,,,,,,,,,,,,,,,,,,,,,,,,,,,,0.5,0.0,0.0,0.0,0.0,0.0
OAS30745,OAS30745_MR_d4282,4282,MCI,MCI_STABLE,True,,,,,7281.0,2999,1095,"No AD through day 5377, and the participant was still non-AD when seen at day 5544, at or after the horizon.",4379,oasis3-supervised-labels-v2.1,F,81.0,3.0T,UNKNOWN,unresolved_codebook,Classification codebook is not frozen; D1 numeric semantics are not documented in this repository. Raw variables preserved.,29.0,1.0,0.5,none,oasis3-clinical-classification-v0-unfrozen,24.0,24.0,,18.0,16.0,8.0,13.5,37.0,48.0,7.0,6.0,45.0,50.0,96.0,60.0,14.0,16.0,6.0,100.0,120.0,40.0,51.0,99.24242424,,,,,,,,,,,,,,,,,,,,,,,,,,,,,,,,,,,,,,,,,,,,,,,,,,,,,,,,,,,,,,,,,,,,,,,,,,,12.0,4.0,13.0,3.0,12.0,4.0,1.0,0.0,0.0,0.0,1.0,0.0,0.0,1.0,0.0,0.0,,,,,0.0,,,,,0.0,0.0,,1.0,2.0,0.0,,0.0,,0.0,,0.0,,0.0,,0.0,,0.0,,,,,,0.0,,0.0,,0.0,,0.0,,0.0,,0.0,,1.0,1.0,0.0,,0.0,,0.0,0.0,,0.0,,0.0,,0.0,,0.0,,0.0,,0.0,,0.0,,,,,,,,,,,,,,,,,,,,,,,,,,,,,,,,,,,,,,,,,,,,,,,,,,,,,,,,,,,,,,,,,,,,,,0.5,0.0,0.5,0.0,0.0,0.0
OAS30751,OAS30751_MR_d0063,63,MCI,MCI_STABLE,True,,,,,1910.0,1847,1095,"No AD through day 1158, and the participant was still non-AD when seen at day 1555, at or after the horizon.",0,oasis3-supervised-labels-v2.1,M,70.0,3.0T,UNKNOWN,unresolved_codebook,Classification codebook is not frozen; D1 numeric semantics are not documented in this repository. Raw variables preserved.,30.0,0.5,0.5,none,oasis3-clinical-classification-v0-unfrozen,26.0,42.0,,25.0,15.0,7.0,19.0,36.0,48.0,,,53.0,23.0,68.0,,14.0,12.0,11.0,100.0,120.0,40.0,52.0,100.0,,,,,,,,,,,,16.0,11.0,1.0,10.0,0.0,0.0,16.0,0.0,0.0,26.0,0.0,0.0,32.0,22.0,33.0,22.0,16.0,0.0,32.0,32.0,0.0,,0.0,,10.0,8.0,10.0,7.0,,,1.0,,1.0,1.0,,0.0,0.0,29.0,1.0,0.0,1.0,1.0,1.0,3.0,10.0,2.0,1.0,3.0,2.0,1.0,2.0,5.0,,,1.0,1.0,1.0,1.0,1.0,1.0,,,,12.0,4.0,12.0,4.0,12.0,4.0,,0.0,0.0,1.0,0.0,,,,,0.0,,,,,0.0,,,,,0.0,,,,,,,,,,,0.0,,,,,,,,,,,,0.0,,0.0,,0.0,,0.0,,0.0,,0.0,,0.0,,0.0,,0.0,,0.0,,,0.0,,0.0,,0.0,,1.0,1.0,0.0,,0.0,,0.0,1.0,,,,,,,,8.0,8.0,8.0,8.0,8.0,8.0,8.0,8.0,8.0,8.0,0.0,8.0,8.0,8.0,8.0,8.0,8.0,9.0,9.0,9.0,0.0,,0.0,,0.0,,0.0,,0.0,,,0.0,,,,,,,0.0,,,0.0,,,,0.0,,,0.0,,0.0,,0.0,,0.0,,0.0,,,0.0,,0.5,0.0,0.0,0.0,0.0,0.0
OAS30781,OAS30781_MR_d0971,971,MCI,MCI_STABLE,True,,,,,2727.0,1756,1095,"No AD through day 2066, and the participant was still non-AD when seen at day 2322, at or after the horizon.",837,oasis3-supervised-labels-v2.1,M,75.0,3.0T,UNKNOWN,unresolved_codebook,Classification codebook is not frozen; D1 numeric semantics are not documented in this repository. Raw variables preserved.,28.0,0.5,0.5,none,oasis3-clinical-classification-v0-unfrozen,25.0,26.0,,15.0,8.0,9.0,7.5,31.0,48.0,8.0,5.0,45.0,36.0,88.0,52.0,13.0,12.0,11.0,99.16666667,119.0,40.0,50.0,97.72727273,,,,,,,,,,,,14.0,11.0,1.0,6.0,1.0,0.0,9.0,2.0,1.0,15.0,3.0,1.0,24.0,16.0,22.0,17.0,15.0,0.0,,,,,,,,,,,,,1.0,,1.0,1.0,,0.0,0.0,23.0,1.0,0.0,1.0,1.0,1.0,3.0,10.0,2.0,1.0,3.0,1.0,1.0,2.0,0.0,2.0,3.0,1.0,1.0,1.0,1.0,1.0,1.0,,,,9.0,7.0,10.0,6.0,12.0,4.0,,0.0,0.0,1.0,0.0,,,,,0.0,,,,,0.0,,,,,0.0,,,,,,,,,,,0.0,,,,,,,,,,,,0.0,,0.0,,0.0,,0.0,,0.0,,0.0,,1.0,3.0,0.0,,0.0,,0.0,,,0.0,,0.0,,0.0,,1.0,1.0,0.0,,0.0,,0.0,1.0,,,,,,,,8.0,8.0,8.0,8.0,8.0,8.0,8.0,8.0,8.0,8.0,0.0,8.0,8.0,8.0,8.0,8.0,8.0,9.0,9.0,9.0,0.0,,0.0,,0.0,,0.0,,0.0,,,0.0,,,,,,,0.0,,,0.0,,,,0.0,,1.0,0.0,,0.0,,0.0,,0.0,,0.0,,,0.0,,0.5,0.0,0.0,0.0,0.0,0.0
OAS30834,OAS30834_MR_d0098,98,MCI,CENSORED,False,insufficient_followup,,,,511.0,413,1095,"No AD recorded within the horizon, but the participant was never observed non-AD at or after day 1193 (last visit: day 511). Outcome unobserved - censored, not stable.",0,oasis3-supervised-labels-v2.1,F,67.0,3.0T,UNKNOWN,unresolved_codebook,Classification codebook is not frozen; D1 numeric semantics are not documented in this repository. Raw variables preserved.,29.0,1.5,0.5,none,oasis3-clinical-classification-v0-unfrozen,22.0,25.0,,24.0,13.0,9.0,12.0,13.0,42.0,7.0,5.0,67.0,18.0,101.0,60.0,10.0,5.0,10.0,95.83333333,115.0,40.0,47.0,96.21212121,,,,,,,,,,,,,,,,,,,,,,,,,,,,,,,,,,,,,,,,,,,,,,,,,,,,,,,,,,,,,,,,,,,,,,,,,,,3.0,11.0,5.0,9.0,5.0,9.0,1.0,0.0,0.0,0.0,1.0,0.0,0.0,1.0,0.0,0.0,,,,,0.0,,,,,0.0,1.0,1.0,,,0.0,,0.0,,0.0,,0.0,,0.0,,0.0,,0.0,,,,,,0.0,,0.0,,0.0,,0.0,,0.0,,0.0,,0.0,,0.0,,0.0,,0.0,0.0,,0.0,,0.0,,0.0,,0.0,,0.0,,0.0,,,,,,,,,,,,,,,,,,,,,,,,,,,,,,,,,,,,,,,,,,,,,,,,,,,,,,,,,,,,,,,,,,,,,,,,0.5,0.0,0.5,0.0,0.5,0.0
OAS30836,OAS30836_MR_d0094,94,MCI,MCI_TO_AD,True,,MCI_to_AD,863.0,769.0,1204.0,1110,1095,"AD recorded at day 863, within the 1095-day horizon.",0,oasis3-supervised-labels-v2.1,M,81.0,3.0T,UNKNOWN,unresolved_codebook,Classification codebook is not frozen; D1 numeric semantics are not documented in this repository. Raw variables preserved.,29.0,2.5,0.5,none,oasis3-clinical-classification-v0-unfrozen,0.0,28.0,,22.0,10.0,7.0,0.0,26.0,48.0,7.0,4.0,24.0,54.0,152.0,46.0,7.0,2.0,4.0,86.66666667,104.0,34.0,40.0,84.84848485,,,,,,,,,,,,,,,,,,,,,,,,,,,,,,,,,,,,,,,,,,,,,,,,,,,,,,,,,,,,,,,,,,,,,,,,,,,6.0,10.0,9.0,7.0,11.0,5.0,1.0,0.0,0.0,0.0,1.0,1.0,0.0,1.0,1.0,0.0,,,,,0.0,,,,,0.0,1.0,1.0,,,0.0,,0.0,,0.0,,0.0,,0.0,,0.0,,0.0,,,,,,0.0,,0.0,,0.0,,0.0,,0.0,,0.0,,0.0,,0.0,,0.0,,0.0,0.0,,0.0,,0.0,,0.0,,0.0,,0.0,,0.0,,,,,,,,,,,,,,,,,,,,,,,,,,,,,,,,,,,,,,,,,,,,,,,,,,,,,,,,,,,,,,,,,,,,,,,,0.5,0.5,0.5,0.5,0.5,0.0
OAS30864,OAS30864_MR_d0603,603,MCI,MCI_TO_AD,True,,MCI_to_AD,1133.0,530.0,1904.0,1301,1095,"AD recorded at day 1133, within the 1095-day horizon.",778,oasis3-supervised-labels-v2.1,M,75.0,3.0T,UNKNOWN,unresolved_codebook,Classification codebook is not frozen; D1 numeric semantics are not documented in this repository. Raw variables preserved.,25.0,1.0,0.5,none,oasis3-clinical-classification-v0-unfrozen,23.0,20.0,,9.0,16.0,6.0,8.5,23.0,44.0,7.0,4.0,26.0,103.0,180.0,60.0,12.0,9.0,7.0,99.16666667,119.0,35.0,42.0,87.12121212,,,,,,,,,,,,,,,,,,,,,,,,,,,,,,,,,,,,,,,,,,,,,,,,,,,,,,,,,,,,,,,,,,,,,,,,,,,7.0,8.0,8.0,6.0,8.0,7.0,1.0,0.0,0.0,1.0,0.0,,,,,0.0,,,,,0.0,,,,,0.0,0.0,,1.0,1.0,0.0,,0.0,,0.0,,0.0,,0.0,,0.0,,0.0,,,,,,0.0,,0.0,,0.0,,0.0,,0.0,,0.0,,0.0,,0.0,,0.0,,0.0,1.0,3.0,0.0,,0.0,,0.0,,0.0,,0.0,,0.0,,,,,,,,,,,,,,,,,,,,,,,,,,,,,,,,,,,,,,,,,,,,,,,,,,,,,,,,,,,,,,,,,,,,,,,,0.5,0.5,0.0,0.0,0.0,0.0
OAS30867,OAS30867_MR_d2660,2660,MCI,MCI_STABLE,True,,,,,6600.0,3940,1095,"No AD through day 3755, and the participant was still non-AD when seen at day 3923, at or after the horizon.",2770,oasis3-supervised-labels-v2.1,F,83.0,3.0T,UNKNOWN,unresolved_codebook,Classification codebook is not frozen; D1 numeric semantics are not documented in this repository. Raw variables preserved.,28.0,1.5,0.5,none,oasis3-clinical-classification-v0-unfrozen,22.0,28.0,,16.0,21.0,7.0,14.0,24.0,48.0,6.0,3.0,34.0,48.0,121.0,54.0,16.0,15.0,9.0,98.33333333,118.0,39.0,42.0,90.90909091,,,,,,,,,,,,,,,,,,,,,,,,,,,,,,,,,,,,,,,,,,,,,,,,,,,,,,,,,,,,,,,,,,,,,,,,,,,8.0,8.0,7.0,9.0,9.0,7.0,1.0,0.0,0.0,0.0,0.0,,,,,1.0,0.0,0.0,1.0,0.0,0.0,,,,,0.0,0.0,,0.0,,0.0,,0.0,,0.0,,0.0,,1.0,1.0,0.0,,0.0,,,,,,0.0,,0.0,,0.0,,0.0,,0.0,,0.0,,0.0,,0.0,,0.0,,0.0,0.0,,0.0,,0.0,,0.0,,0.0,,0.0,,0.0,,,,,,,,,,,,,,,,,,,,,,,,,,,,,,,,,,,,,,,,,,,,,,,,,,,,,,,,,,,,,,,,,,,,,,,,0.0,0.5,0.5,0.0,0.5,0.0
OAS30959,OAS30959_MR_d3385,3385,MCI,CENSORED,False,insufficient_followup,,,,5576.0,2191,1095,"No AD recorded within the horizon, but the participant was never observed non-AD at or after day 4480 (last visit: day 5576). Outcome unobserved - censored, not stable.",3314,oasis3-supervised-labels-v2.1,F,78.0,3.0T,UNKNOWN,unresolved_codebook,Classification codebook is not frozen; D1 numeric semantics are not documented in this repository. Raw variables preserved.,28.0,0.5,0.5,none,oasis3-clinical-classification-v0-unfrozen,24.0,43.0,,15.0,15.0,9.0,15.0,33.0,48.0,7.0,4.0,63.0,24.0,57.0,58.0,17.0,16.0,8.0,99.16666667,119.0,40.0,50.0,98.48484848,,,,,,,,,,,,,,,,,,,,,,,,,,,,,,,,,,,,,,,,,,,,,,,,,,,,,,,,,,,,,,,,,,,,,,,,,,,9.0,7.0,11.0,5.0,13.0,3.0,1.0,0.0,0.0,1.0,0.0,,,,,0.0,,,,,0.0,,,,,0.0,1.0,1.0,,,0.0,,0.0,,0.0,,0.0,,0.0,,0.0,,0.0,,,,,,0.0,,0.0,,0.0,,0.0,,0.0,,0.0,,0.0,,0.0,,0.0,,0.0,0.0,,0.0,,0.0,,0.0,,0.0,,0.0,,0.0,,,,,,,,,,,,,,,,,,,,,,,,,,,,,,,,,,,,,,,,,,,,,,,,,,,,,,,,,,,,,,,,,,,,,,,,0.5,0.0,0.0,0.0,0.0,0.0
OAS30964,OAS30964_MR_d3870,3870,MCI,MCI_TO_AD,True,,MCI_to_AD,4097.0,227.0,5901.0,2031,1095,"AD recorded at day 4097, within the 1095-day horizon.",3740,oasis3-supervised-labels-v2.1,F,76.0,3.0T,UNKNOWN,unresolved_codebook,Classification codebook is not frozen; D1 numeric semantics are not documented in this repository. Raw variables preserved.,29.0,1.0,0.5,none,oasis3-clinical-classification-v0-unfrozen,11.0,28.0,,10.0,10.0,8.0,8.0,,,8.0,6.0,56.0,27.0,79.0,50.0,4.0,4.0,11.0,99.16666667,119.0,38.0,48.0,95.45454545,,,,,,,,,,,,16.0,6.0,1.0,17.0,0.0,1.0,15.0,0.0,2.0,32.0,0.0,3.0,15.0,9.0,13.0,9.0,17.0,0.0,,,,,,,,,,,,,1.0,,1.0,1.0,,0.0,0.0,20.0,1.0,0.0,1.0,0.0,0.0,3.0,9.0,2.0,0.0,3.0,1.0,1.0,2.0,0.0,0.0,4.0,1.0,1.0,1.0,1.0,1.0,1.0,,,,,,,,,,,0.0,0.0,1.0,0.0,,,,,0.0,,,,,0.0,,,,,0.0,,,,,,,,,,,0.0,,,,,,,,,,,,0.0,,0.0,,0.0,,0.0,,0.0,,0.0,,0.0,,0.0,,0.0,,0.0,,,0.0,,0.0,,0.0,,1.0,1.0,0.0,,0.0,,0.0,3.0,,,,,,,,8.0,8.0,8.0,8.0,8.0,8.0,8.0,8.0,8.0,8.0,0.0,8.0,8.0,8.0,8.0,8.0,8.0,9.0,9.0,9.0,0.0,,0.0,,0.0,,0.0,,0.0,,,0.0,,,,,,,0.0,,,0.0,,,,0.0,,,0.0,,0.0,,0.0,,0.0,,0.0,,,0.0,,0.5,0.0,0.5,0.0,0.0,0.0
OAS30978,OAS30978_MR_d1207,1207,MCI,MCI_STABLE,True,,,,,3297.0,2090,1095,"No AD through day 2302, and the participant was still non-AD when seen at day 2532, at or after the horizon.",1103,oasis3-supervised-labels-v2.1,M,72.0,3.0T,UNKNOWN,unresolved_codebook,Classification codebook is not frozen; D1 numeric semantics are not documented in this repository. Raw variables preserved.,29.0,0.5,0.5,none,oasis3-clinical-classification-v0-unfrozen,23.0,33.0,,16.0,13.0,6.0,11.5,22.0,48.0,6.0,4.0,51.0,35.0,99.0,56.0,13.0,16.0,9.0,100.0,120.0,40.0,52.0,100.0,,,,,,,,,,,,16.0,12.0,1.0,11.0,2.0,1.0,12.0,1.0,0.0,23.0,3.0,1.0,24.0,19.0,24.0,16.0,14.0,0.0,,,,,,,,,,,,,1.0,,1.0,1.0,,0.0,0.0,27.0,1.0,1.0,1.0,1.0,1.0,3.0,8.0,1.0,1.0,3.0,1.0,1.0,2.0,4.0,0.0,1.0,1.0,1.0,1.0,1.0,1.0,1.0,,,,8.0,8.0,7.0,9.0,7.0,9.0,,0.0,0.0,1.0,0.0,,,,,0.0,,,,,0.0,,,,,0.0,,,,,,,,,,,0.0,,,,,,,,,,,,0.0,,0.0,,0.0,,0.0,,0.0,,0.0,,0.0,,0.0,,0.0,,0.0,,,0.0,,0.0,,0.0,,1.0,1.0,0.0,,0.0,,0.0,1.0,,,,,,,,8.0,8.0,8.0,8.0,8.0,8.0,8.0,8.0,8.0,8.0,0.0,8.0,8.0,8.0,8.0,8.0,8.0,9.0,9.0,9.0,0.0,,0.0,,0.0,,0.0,,0.0,,,0.0,,,,,,,0.0,,,0.0,,,,0.0,,,0.0,,0.0,,0.0,,0.0,,0.0,,,0.0,,0.5,0.0,0.0,0.0,0.0,0.0
OAS30988,OAS30988_MR_d0033,33,MCI,MCI_STABLE,True,,,,,1875.0,1842,1095,"No AD through day 1128, and the participant was still non-AD when seen at day 1150, at or after the horizon.",0,oasis3-supervised-labels-v2.1,M,71.0,3.0T,UNKNOWN,unresolved_codebook,Classification codebook is not frozen; D1 numeric semantics are not documented in this repository. Raw variables preserved.,26.0,1.0,0.5,none,oasis3-clinical-classification-v0-unfrozen,24.0,37.0,,17.0,8.0,6.0,12.0,20.0,48.0,,,39.0,30.0,75.0,,8.0,6.0,9.0,98.33333333,118.0,40.0,52.0,100.0,,,,,,,,,,,,16.0,11.0,1.0,9.0,0.0,0.0,11.0,1.0,0.0,20.0,1.0,0.0,20.0,16.0,20.0,14.0,14.0,0.0,32.0,32.0,0.0,,0.0,,7.0,6.0,6.0,4.0,,,1.0,,1.0,1.0,,0.0,0.0,28.0,1.0,1.0,1.0,1.0,1.0,3.0,9.0,2.0,1.0,3.0,2.0,0.0,2.0,4.0,1.0,,1.0,1.0,1.0,1.0,1.0,1.0,,,,4.0,12.0,7.0,9.0,9.0,7.0,,0.0,0.0,0.0,0.0,,,,,1.0,0.0,0.0,1.0,0.0,0.0,,,,,0.0,,,,,,,,,,,0.0,,,,,,,,,,,,0.0,,0.0,,0.0,,0.0,,0.0,,0.0,,0.0,,0.0,,0.0,,0.0,,,0.0,,0.0,,0.0,,1.0,2.0,1.0,1.0,0.0,,0.0,1.0,,,,,,,,8.0,8.0,8.0,8.0,8.0,8.0,8.0,8.0,8.0,8.0,0.0,8.0,8.0,8.0,8.0,8.0,8.0,9.0,9.0,9.0,0.0,,0.0,,0.0,,0.0,,0.0,,,0.0,,,,,,,0.0,,,0.0,,,,0.0,,,0.0,,0.0,,0.0,,0.0,,0.0,,,0.0,,0.0,0.0,0.5,0.0,0.5,0.0
OAS31001,OAS31001_MR_d3394,3394,MCI,MCI_STABLE,True,,,,,5552.0,2158,1095,"No AD through day 4489, and the participant was still non-AD when seen at day 4795, at or after the horizon.",3310,oasis3-supervised-labels-v2.1,F,72.0,3.0T,UNKNOWN,unresolved_codebook,Classification codebook is not frozen; D1 numeric semantics are not documented in this repository. Raw variables preserved.,25.0,0.5,0.5,none,oasis3-clinical-classification-v0-unfrozen,,,30.0,22.0,,,,31.0,48.0,,,,31.0,93.0,,,,8.0,99.16666667,119.0,40.0,46.0,95.45454545,24.0,29.0,28.0,47.0,31.0,22.0,,,,,,,,,,,,,,,,,,,,,,,,,,,,,,,,,,,,1.0,,1.0,1.0,,0.0,0.0,27.0,1.0,1.0,1.0,1.0,0.0,3.0,10.0,2.0,1.0,3.0,2.0,0.0,2.0,4.0,1.0,,1.0,1.0,1.0,1.0,1.0,1.0,35.0,69.0,93.0,12.0,4.0,10.0,6.0,9.0,7.0,,0.0,0.0,1.0,0.0,0.0,0.0,0.0,0.0,0.0,0.0,0.0,0.0,0.0,0.0,0.0,0.0,0.0,0.0,0.0,,,,,,,,,,,0.0,,,,,,,,,,,,0.0,,0.0,,0.0,,0.0,,0.0,,0.0,,0.0,,0.0,,0.0,,0.0,,,0.0,,0.0,,0.0,,1.0,1.0,0.0,,0.0,,0.0,1.0,,,,,,,,8.0,8.0,8.0,8.0,8.0,8.0,8.0,8.0,8.0,8.0,0.0,8.0,8.0,8.0,8.0,8.0,8.0,9.0,9.0,9.0,0.0,,0.0,,0.0,,0.0,,0.0,,,0.0,,,,,,,0.0,,,0.0,,,,0.0,,,0.0,,0.0,,0.0,,0.0,,0.0,,,0.0,,0.5,0.0,0.0,0.0,0.0,0.0
OAS31084,OAS31084_MR_d0029,29,MCI,MCI_STABLE,True,,,,,2590.0,2561,1095,"No AD through day 1124, and the participant was still non-AD when seen at day 1553, at or after the horizon.",0,oasis3-supervised-labels-v2.1,F,65.0,3.0T,UNKNOWN,unresolved_codebook,Classification codebook is not frozen; D1 numeric semantics are not documented in this repository. Raw variables preserved.,27.0,1.0,0.5,none,oasis3-clinical-classification-v0-unfrozen,15.0,24.0,,20.0,19.0,6.0,15.5,27.0,48.0,7.0,3.0,47.0,32.0,81.0,54.0,15.0,16.0,9.0,98.0,,,,95.0,,,,,,,,,,,,,,,,,,,,,,,,,,,,,,,,,,,,,,,,,,,,,,,,,,,,,,,,,,,,,,,,,,,,,,,,,,,8.0,8.0,9.0,7.0,10.0,6.0,1.0,0.0,0.0,0.0,1.0,0.0,0.0,1.0,0.0,,,,,,0.0,,,,,0.0,0.0,,0.0,,0.0,,0.0,,0.0,,0.0,,1.0,1.0,0.0,,0.0,,,,,,0.0,,0.0,,0.0,,0.0,,1.0,2.0,1.0,2.0,1.0,2.0,0.0,,0.0,,0.0,0.0,,0.0,,0.0,,0.0,,0.0,,0.0,,0.0,,,,,,,,,,,,,,,,,,,,,,,,,,,,,,,,,,,,,,,,,,,,,,,,,,,,,,,,,,,,,,,,,,,,,,,,0.5,0.5,0.0,0.0,0.0,0.0
OAS31084,OAS31084_MR_d2319,2319,MCI,CENSORED,False,insufficient_followup,,,,2590.0,271,1095,"No AD recorded within the horizon, but the participant was never observed non-AD at or after day 3414 (last visit: day 2590). Outcome unobserved - censored, not stable.",2198,oasis3-supervised-labels-v2.1,F,72.0,3.0T,UNKNOWN,unresolved_codebook,Classification codebook is not frozen; D1 numeric semantics are not documented in this repository. Raw variables preserved.,26.0,2.5,0.5,none,oasis3-clinical-classification-v0-unfrozen,16.0,20.0,,20.0,18.0,3.0,12.0,,,7.0,4.0,48.0,33.0,154.0,52.0,13.0,13.0,6.0,99.16666667,119.0,40.0,36.0,78.78787879,,,,,,,,,,,,13.0,10.0,1.0,14.0,2.0,0.0,14.0,0.0,0.0,28.0,2.0,0.0,23.0,15.0,19.0,16.0,13.0,0.0,,,,,,,,,,,,,1.0,,1.0,1.0,,0.0,0.0,22.0,1.0,0.0,1.0,1.0,0.0,2.0,6.0,2.0,1.0,2.0,1.0,1.0,1.0,3.0,1.0,1.0,1.0,1.0,1.0,1.0,1.0,1.0,,,,,,,,,,,0.0,0.0,0.0,1.0,0.0,1.0,1.0,0.0,0.0,,,,,0.0,,,,,0.0,,,,,,,,,,,0.0,,,,,,,,,,,,0.0,,0.0,,0.0,,0.0,,0.0,,1.0,2.0,1.0,2.0,0.0,,0.0,,0.0,,,0.0,,0.0,,0.0,,0.0,,0.0,,0.0,,0.0,1.0,,,,,,,,8.0,8.0,8.0,8.0,8.0,8.0,8.0,8.0,8.0,8.0,0.0,8.0,8.0,8.0,8.0,8.0,8.0,9.0,9.0,9.0,0.0,,0.0,,0.0,,0.0,,0.0,,,0.0,,,,,,,0.0,,,0.0,,,,0.0,,0.0,0.0,,0.0,,0.0,,0.0,,0.0,,,1.0,1.0,0.5,0.5,0.5,0.5,0.5,0.0
OAS31092,OAS31092_MR_d3113,3113,MCI,MCI_STABLE,True,,,,,4743.0,1630,1095,"No AD through day 4208, and the participant was still non-AD when seen at day 4435, at or after the horizon.",2994,oasis3-supervised-labels-v2.1,M,80.0,3.0T,UNKNOWN,unresolved_codebook,Classification codebook is not frozen; D1 numeric semantics are not documented in this repository. Raw variables preserved.,29.0,0.5,0.5,none,oasis3-clinical-classification-v0-unfrozen,21.0,32.0,,20.0,10.0,6.0,11.5,32.0,48.0,6.0,5.0,37.0,34.0,92.0,60.0,17.0,17.0,10.0,99.16666667,119.0,39.0,52.0,98.48484848,,,,,,,,,,,,,,,,,,,,,,,,,,,,,,,,,,,,,,,,,,,,,,,,,,,,,,,,,,,,,,,,,,,,,,,,,,,10.0,6.0,10.0,6.0,12.0,4.0,1.0,0.0,0.0,1.0,0.0,,,,,0.0,,,,,0.0,,,,,0.0,0.0,,1.0,1.0,0.0,,0.0,,0.0,,0.0,,0.0,,0.0,,0.0,,,,,,0.0,,0.0,,0.0,,0.0,,0.0,,0.0,,0.0,,0.0,,0.0,,0.0,0.0,,0.0,,0.0,,0.0,,0.0,,0.0,,0.0,,,,,,,,,,,,,,,,,,,,,,,,,,,,,,,,,,,,,,,,,,,,,,,,,,,,,,,,,,,,,,,,,,,,,,,,0.5,0.0,0.0,0.0,0.0,0.0
OAS31096,OAS31096_MR_d1308,1308,MCI,CENSORED,False,insufficient_followup,,,,1835.0,527,1095,"No AD recorded within the horizon, but the participant was never observed non-AD at or after day 2403 (last visit: day 1835). Outcome unobserved - censored, not stable.",1176,oasis3-supervised-labels-v2.1,M,85.0,3.0T,UNKNOWN,unresolved_codebook,Classification codebook is not frozen; D1 numeric semantics are not documented in this repository. Raw variables preserved.,29.0,2.0,0.5,none,oasis3-clinical-classification-v0-unfrozen,27.0,24.0,,16.0,11.0,9.0,14.0,36.0,48.0,8.0,6.0,50.0,30.0,69.0,60.0,20.0,16.0,10.0,97.5,117.0,40.0,48.0,96.96969697,,,,,,,,,,,,,,,,,,,,,,,,,,,,,,,,,,,,,,,,,,,,,,,,,,,,,,,,,,,,,,,,,,,,,,,,,,,12.0,4.0,12.0,4.0,12.0,4.0,1.0,0.0,0.0,0.0,1.0,0.0,0.0,1.0,0.0,0.0,,,,,0.0,,,,,2.0,0.0,,1.0,2.0,0.0,,0.0,,0.0,,0.0,,1.0,1.0,0.0,,0.0,,,,,,0.0,,0.0,,0.0,,0.0,,0.0,,0.0,,1.0,1.0,0.0,,0.0,,0.0,0.0,,0.0,,0.0,,0.0,,0.0,,0.0,,0.0,,,,,,,,,,,,,,,,,,,,,,,,,,,,,,,,,,,,,,,,,,,,,,,,,,,,,,,,,,,,,,,,,,,,,,,,0.5,0.0,0.5,0.5,0.5,0.0
OAS31104,OAS31104_MR_d2333,2333,MCI,MCI_STABLE,True,,,,,3620.0,1287,1095,"No AD through day 3428, and the participant was still non-AD when seen at day 3620, at or after the horizon.",2256,oasis3-supervised-labels-v2.1,M,59.0,3.0T,UNKNOWN,unresolved_codebook,Classification codebook is not frozen; D1 numeric semantics are not documented in this repository. Raw variables preserved.,29.0,0.5,0.5,none,oasis3-clinical-classification-v0-unfrozen,,,28.0,13.0,,,,23.0,48.0,,,,40.0,81.0,,,,9.0,99.16666667,119.0,40.0,52.0,99.24242424,17.0,19.0,0.0,43.0,17.0,26.0,,,,,,,,,,,,,,,,,,,,,,,,,,,,,,,,,,,,,,,,,,,,,,,,,,,,,,,,,,,,,,,,,,40.0,75.0,81.0,4.0,12.0,9.0,7.0,10.0,6.0,1.0,0.0,0.0,1.0,0.0,,,,,0.0,,,,,0.0,,,,,0.0,0.0,,1.0,1.0,0.0,,0.0,,0.0,,0.0,,0.0,,0.0,,0.0,,,,,,0.0,,0.0,,0.0,,0.0,,0.0,,0.0,,0.0,,0.0,,0.0,,0.0,0.0,,0.0,,0.0,,0.0,,0.0,,0.0,,0.0,,,,,,,,,,,,,,,,,,,,,,,,,,,,,,,,,,,,,,,,,,,,,,,,,,,,,,,,,,,,,,,,,,,,,,,,0.5,0.0,0.0,0.0,0.0,0.0
OAS31154,OAS31154_MR_d0034,34,MCI,CENSORED,False,insufficient_followup,,,,363.0,329,1095,"No AD recorded within the horizon, but the participant was never observed non-AD at or after day 1129 (last visit: day 363). Outcome unobserved - censored, not stable.",0,oasis3-supervised-labels-v2.1,M,76.0,3.0T,UNKNOWN,unresolved_codebook,Classification codebook is not frozen; D1 numeric semantics are not documented in this repository. Raw variables preserved.,30.0,1.0,0.5,none,oasis3-clinical-classification-v0-unfrozen,19.0,39.0,,19.0,11.0,9.0,12.5,23.0,47.0,6.0,5.0,43.0,29.0,72.0,56.0,7.0,6.0,9.0,98.33333333,118.0,40.0,52.0,100.0,,,,,,,,,,,,,,,,,,,,,,,,,,,,,,,,,,,,,,,,,,,,,,,,,,,,,,,,,,,,,,,,,,,,,,,,,,,4.0,11.0,8.0,8.0,11.0,5.0,1.0,0.0,0.0,0.0,1.0,0.0,0.0,1.0,0.0,0.0,,,,,0.0,,,,,0.0,0.0,,1.0,1.0,0.0,,0.0,,0.0,,0.0,,0.0,,0.0,,0.0,,,,,,0.0,,0.0,,0.0,,0.0,,0.0,,0.0,,0.0,,1.0,2.0,0.0,,0.0,0.0,,0.0,,0.0,,0.0,,0.0,,0.0,,0.0,,,,,,,,,,,,,,,,,,,,,,,,,,,,,,,,,,,,,,,,,,,,,,,,,,,,,,,,,,,,,,,,,,,,,,,,0.5,0.0,0.5,0.0,0.0,0.0
