priority,acquisition_reason,freesurfer_id,subject_id,mri_session_id,mri_day,supervised_label,training_eligible,training_exclusion_reason,clinical_match_valid,clinical_mri_abs_gap_days,ad_etiology,ad_etiology_role,mci_subtype,progression_label,progression_eligible,progression_exclusion_reason,days_to_conversion,progression_horizon_days
1,MCI_TO_AD target session,OAS30672_Freesurfer53_d0107,OAS30672,OAS30672_MR_d0107,107,MCI,True,,True,107,UNKNOWN,,amnestic_multi_domain,MCI_TO_AD,True,,,1095.0
2,MCI_STABLE target session,OAS30007_Freesurfer53_d2722,OAS30007,OAS30007_MR_d2722,2722,MCI,True,,True,105,AD,primary,amnestic_multi_domain,MCI_STABLE,True,,,1095.0
2,MCI_STABLE target session,OAS30139_Freesurfer53_d0101,OAS30139,OAS30139_MR_d0101,101,MCI,True,,True,101,AD,primary,amnestic_single_domain,MCI_STABLE,True,,,1095.0
2,MCI_STABLE target session,OAS30173_Freesurfer53_d3030,OAS30173,OAS30173_MR_d3030,3030,MCI,True,,True,59,AD,primary,amnestic_single_domain,MCI_STABLE,True,,,1095.0
2,MCI_STABLE target session,OAS30369_Freesurfer53_d5872,OAS30369,OAS30369_MR_d5872,5872,MCI,True,,True,69,AD,primary,amnestic_multi_domain,MCI_STABLE,True,,,1095.0
2,MCI_STABLE target session,OAS30369_Freesurfer53_d5880,OAS30369,OAS30369_MR_d5880,5880,MCI,True,,True,77,AD,primary,amnestic_multi_domain,MCI_STABLE,True,,,1095.0
2,MCI_STABLE target session,OAS30452_Freesurfer53_d4501,OAS30452,OAS30452_MR_d4501,4501,MCI,True,,True,70,NON_AD,,amnestic_single_domain,MCI_STABLE,True,,,1095.0
2,MCI_STABLE target session,OAS30745_Freesurfer53_d4282,OAS30745,OAS30745_MR_d4282,4282,MCI,True,,True,97,UNKNOWN,contributing,amnestic_multi_domain,MCI_STABLE,True,,,1095.0
2,MCI_STABLE target session,OAS30867_Freesurfer53_d2660,OAS30867,OAS30867_MR_d2660,2660,MCI,True,,True,110,NON_AD,,non_amnestic_single_domain,MCI_STABLE,True,,,1095.0
2,MCI_STABLE target session,OAS31001_Freesurfer53_d3394,OAS31001,OAS31001_MR_d3394,3394,MCI,True,,True,84,UNKNOWN,,amnestic_single_domain,MCI_STABLE,True,,,1095.0
2,MCI_STABLE target session,OAS31084_Freesurfer53_d0029,OAS31084,OAS31084_MR_d0029,29,MCI,True,,True,29,NON_AD,,amnestic_multi_domain,MCI_STABLE,True,,,1095.0
2,MCI_STABLE target session,OAS31092_Freesurfer53_d3113,OAS31092,OAS31092_MR_d3113,3113,MCI,True,,True,119,AD,primary,amnestic_single_domain,MCI_STABLE,True,,,1095.0
2,MCI_STABLE target session,OAS31104_Freesurfer53_d2333,OAS31104,OAS31104_MR_d2333,2333,MCI,True,,True,77,AD,primary,amnestic_single_domain,MCI_STABLE,True,,,1095.0
3,MCI target session (censored at 3y),OAS30051_Freesurfer53_d1286,OAS30051,OAS30051_MR_d1286,1286,MCI,True,,True,76,AD,primary,amnestic_multi_domain,CENSORED,False,insufficient_followup,,1095.0
3,MCI target session (censored at 3y),OAS30263_Freesurfer53_d2477,OAS30263,OAS30263_MR_d2477,2477,MCI,True,,True,156,UNKNOWN,,amnestic_single_domain,CENSORED,False,insufficient_followup,,1095.0
3,MCI target session (censored at 3y),OAS30263_Freesurfer53_d2483,OAS30263,OAS30263_MR_d2483,2483,MCI,True,,True,162,UNKNOWN,,amnestic_single_domain,CENSORED,False,insufficient_followup,,1095.0
3,MCI target session (censored at 3y),OAS30959_Freesurfer53_d3385,OAS30959,OAS30959_MR_d3385,3385,MCI,True,,True,71,AD,primary,amnestic_single_domain,CENSORED,False,insufficient_followup,,1095.0
3,MCI target session (censored at 3y),OAS31084_Freesurfer53_d2319,OAS31084,OAS31084_MR_d2319,2319,MCI,True,,True,121,UNKNOWN,,amnestic_multi_domain,CENSORED,False,insufficient_followup,,1095.0
4,AD target session,OAS30027_Freesurfer53_d2394,OAS30027,OAS30027_MR_d2394,2394,AD,True,,True,121,AD,primary,,,,,,
4,AD target session,OAS30029_Freesurfer53_d0893,OAS30029,OAS30029_MR_d0893,893,AD,True,,True,27,AD,primary,,,,,,
4,AD target session,OAS30119_Freesurfer53_d3722,OAS30119,OAS30119_MR_d3722,3722,AD,True,,True,20,AD,primary,,,,,,
4,AD target session,OAS30194_Freesurfer53_d9443,OAS30194,OAS30194_MR_d9443,9443,AD,True,,True,115,AD,primary,,,,,,
4,AD target session,OAS30209_Freesurfer53_d0609,OAS30209,OAS30209_MR_d0609,609,AD,True,,True,119,AD,unspecified,,,,,,
4,AD target session,OAS30209_Freesurfer53_d1976,OAS30209,OAS30209_MR_d1976,1976,AD,True,,True,103,AD,primary,,,,,,
4,AD target session,OAS30244_Freesurfer53_d0104,OAS30244,OAS30244_MR_d0104,104,AD,True,,True,104,AD,primary,,,,,,
4,AD target session,OAS30244_Freesurfer53_d1526,OAS30244,OAS30244_MR_d1526,1526,AD,True,,True,166,AD,primary,,,,,,
4,AD target session,OAS30262_Freesurfer53_d0037,OAS30262,OAS30262_MR_d0037,37,AD,True,,True,32,AD,primary,,,,,,
4,AD target session,OAS30334_Freesurfer53_d0000,OAS30334,OAS30334_MR_d0000,0,AD,True,,True,0,AD,unspecified,,,,,,
4,AD target session,OAS30342_Freesurfer53_d0001,OAS30342,OAS30342_MR_d0001,1,AD,True,,True,1,AD,primary,,,,,,
4,AD target session,OAS30342_Freesurfer53_d0429,OAS30342,OAS30342_MR_d0429,429,AD,True,,True,63,AD,primary,,,,,,
4,AD target session,OAS30344_Freesurfer53_d2375,OAS30344,OAS30344_MR_d2375,2375,AD,True,,True,64,AD,primary,,,,,,
4,AD target session,OAS30391_Freesurfer53_d1547,OAS30391,OAS30391_MR_d1547,1547,AD,True,,True,68,AD,primary,,,,,,
4,AD target session,OAS30472_Freesurfer53_d1267,OAS30472,OAS30472_MR_d1267,1267,AD,True,,True,155,AD,primary,,,,,,
4,AD target session,OAS30521_Freesurfer53_d0118,OAS30521,OAS30521_MR_d0118,118,AD,True,,True,118,AD,primary,,,,,,
4,AD target session,OAS30521_Freesurfer53_d0979,OAS30521,OAS30521_MR_d0979,979,AD,True,,True,145,AD,primary,,,,,,
4,AD target session,OAS30541_Freesurfer53_d0823,OAS30541,OAS30541_MR_d0823,823,AD,True,,True,39,AD,primary,,,,,,
4,AD target session,OAS30541_Freesurfer53_d1935,OAS30541,OAS30541_MR_d1935,1935,AD,True,,True,71,AD,primary,,,,,,
4,AD target session,OAS30605_Freesurfer53_d0063,OAS30605,OAS30605_MR_d0063,63,AD,True,,True,63,AD,primary,,,,,,
4,AD target session,OAS30672_Freesurfer53_d0966,OAS30672,OAS30672_MR_d0966,966,AD,True,,True,132,AD,primary,,,,,,
4,AD target session,OAS30720_Freesurfer53_d1570,OAS30720,OAS30720_MR_d1570,1570,AD,True,,True,121,AD,primary,,,,,,
4,AD target session,OAS30734_Freesurfer53_d0097,OAS30734,OAS30734_MR_d0097,97,AD,True,,True,97,AD,unspecified,,,,,,
4,AD target session,OAS30734_Freesurfer53_d0857,OAS30734,OAS30734_MR_d0857,857,AD,True,,True,12,AD,primary,,,,,,
4,AD target session,OAS30744_Freesurfer53_d1429,OAS30744,OAS30744_MR_d1429,1429,AD,True,,True,114,AD,primary,,,,,,
4,AD target session,OAS30782_Freesurfer53_d0980,OAS30782,OAS30782_MR_d0980,980,AD,True,,True,119,AD,primary,,,,,,
4,AD target session,OAS30804_Freesurfer53_d0086,OAS30804,OAS30804_MR_d0086,86,AD,True,,True,86,AD,primary,,,,,,
4,AD target session,OAS30804_Freesurfer53_d0507,OAS30804,OAS30804_MR_d0507,507,AD,True,,True,41,AD,primary,,,,,,
4,AD target session,OAS30830_Freesurfer53_d1569,OAS30830,OAS30830_MR_d1569,1569,AD,True,,True,28,AD,primary,,,,,,
4,AD target session,OAS30863_Freesurfer53_d4148,OAS30863,OAS30863_MR_d4148,4148,AD,True,,True,76,AD,primary,,,,,,
4,AD target session,OAS30866_Freesurfer53_d0033,OAS30866,OAS30866_MR_d0033,33,AD,True,,True,33,AD,primary,,,,,,
4,AD target session,OAS30866_Freesurfer53_d0640,OAS30866,OAS30866_MR_d0640,640,AD,True,,True,123,AD,primary,,,,,,
4,AD target session,OAS30867_Freesurfer53_d1764,OAS30867,OAS30867_MR_d1764,1764,AD,True,,True,113,AD,primary,,,,,,
4,AD target session,OAS30869_Freesurfer53_d2290,OAS30869,OAS30869_MR_d2290,2290,AD,True,,True,35,AD,primary,,,,,,
4,AD target session,OAS30884_Freesurfer53_d3204,OAS30884,OAS30884_MR_d3204,3204,AD,True,,True,37,AD,primary,,,,,,
4,AD target session,OAS30899_Freesurfer53_d1616,OAS30899,OAS30899_MR_d1616,1616,AD,True,,True,60,AD,primary,,,,,,
4,AD target session,OAS30899_Freesurfer53_d2324,OAS30899,OAS30899_MR_d2324,2324,AD,True,,True,26,AD,primary,,,,,,
4,AD target session,OAS30926_Freesurfer53_d0092,OAS30926,OAS30926_MR_d0092,92,AD,True,,True,92,AD,primary,,,,,,
4,AD target session,OAS30926_Freesurfer53_d1520,OAS30926,OAS30926_MR_d1520,1520,AD,True,,True,20,AD,primary,,,,,,
4,AD target session,OAS30928_Freesurfer53_d0177,OAS30928,OAS30928_MR_d0177,177,AD,True,,True,177,AD,primary,,,,,,
4,AD target session,OAS30928_Freesurfer53_d0884,OAS30928,OAS30928_MR_d0884,884,AD,True,,True,39,AD,primary,,,,,,
4,AD target session,OAS30929_Freesurfer53_d0699,OAS30929,OAS30929_MR_d0699,699,AD,True,,True,98,AD,primary,,,,,,
4,AD target session,OAS30930_Freesurfer53_d0414,OAS30930,OAS30930_MR_d0414,414,AD,True,,True,37,AD,primary,,,,,,
4,AD target session,OAS30990_Freesurfer53_d1360,OAS30990,OAS30990_MR_d1360,1360,AD,True,,True,169,AD,primary,,,,,,
4,AD target session,OAS31063_Freesurfer53_d0146,OAS31063,OAS31063_MR_d0146,146,AD,True,,True,146,AD,primary,,,,,,
4,AD target session,OAS31139_Freesurfer53_d1568,OAS31139,OAS31139_MR_d1568,1568,AD,True,,True,104,AD,primary,,,,,,
5,Longitudinal companion session for MCI/AD subject,OAS30007_Freesurfer53_d1636,OAS30007,OAS30007_MR_d1636,1636,CN,True,,True,75,UNKNOWN,,,,,,,
5,Longitudinal companion session for MCI/AD subject,OAS30027_Freesurfer53_d0433,OAS30027,OAS30027_MR_d0433,433,CN,True,,True,43,UNKNOWN,,,,,,,
5,Longitudinal companion session for MCI/AD subject,OAS30027_Freesurfer53_d1300,OAS30027,OAS30027_MR_d1300,1300,CN,True,,True,104,UNKNOWN,,,,,,,
5,Longitudinal companion session for MCI/AD subject,OAS30029_Freesurfer53_d0131,OAS30029,OAS30029_MR_d0131,131,IMPAIRED_NOT_MCI,False,impaired_not_mci,True,131,UNKNOWN,,,,,,,
5,Longitudinal companion session for MCI/AD subject,OAS30051_Freesurfer53_d0200,OAS30051,OAS30051_MR_d0200,200,IMPAIRED_NOT_MCI,False,impaired_not_mci,True,163,AD,primary,,,,,,
5,Longitudinal companion session for MCI/AD subject,OAS30119_Freesurfer53_d2415,OAS30119,OAS30119_MR_d2415,2415,OTHER_DEMENTIA,False,other_dementia,True,158,MIXED,primary,,,,,,
5,Longitudinal companion session for MCI/AD subject,OAS30119_Freesurfer53_d3260,OAS30119,OAS30119_MR_d3260,3260,OTHER_DEMENTIA,False,other_dementia,True,83,MIXED,primary,,,,,,
5,Longitudinal companion session for MCI/AD subject,OAS30139_Freesurfer53_d1702,OAS30139,OAS30139_MR_d1702,1702,CN,True,,True,97,UNKNOWN,,,,,,,
5,Longitudinal companion session for MCI/AD subject,OAS30173_Freesurfer53_d1188,OAS30173,OAS30173_MR_d1188,1188,CN,True,,True,114,UNKNOWN,,,,,,,
5,Longitudinal companion session for MCI/AD subject,OAS30173_Freesurfer53_d3841,OAS30173,OAS30173_MR_d3841,3841,CN,True,,True,79,UNKNOWN,,,,,,,
5,Longitudinal companion session for MCI/AD subject,OAS30194_Freesurfer53_d6605,OAS30194,OAS30194_MR_d6605,6605,CN,True,,True,33,UNKNOWN,,,,,,,
5,Longitudinal companion session for MCI/AD subject,OAS30194_Freesurfer53_d7432,OAS30194,OAS30194_MR_d7432,7432,CN,True,,True,22,UNKNOWN,,,,,,,
5,Longitudinal companion session for MCI/AD subject,OAS30194_Freesurfer53_d8874,OAS30194,OAS30194_MR_d8874,8874,CN,True,,True,47,UNKNOWN,,,,,,,
5,Longitudinal companion session for MCI/AD subject,OAS30194_Freesurfer53_d8881,OAS30194,OAS30194_MR_d8881,8881,CN,True,,True,54,UNKNOWN,,,,,,,
5,Longitudinal companion session for MCI/AD subject,OAS30262_Freesurfer53_d0839,OAS30262,OAS30262_MR_d0839,839,AD,False,outside_clinical_window,False,191,AD,primary,,,,,,
5,Longitudinal companion session for MCI/AD subject,OAS30263_Freesurfer53_d0970,OAS30263,OAS30263_MR_d0970,970,CN,False,outside_clinical_window,False,198,UNKNOWN,,,,,,,
5,Longitudinal companion session for MCI/AD subject,OAS30334_Freesurfer53_d0889,OAS30334,OAS30334_MR_d0889,889,AD,False,outside_clinical_window,False,295,AD,primary,,,,,,
5,Longitudinal companion session for MCI/AD subject,OAS30369_Freesurfer53_d4921,OAS30369,OAS30369_MR_d4921,4921,CN,True,,True,85,NON_AD,,,,,,,
5,Longitudinal companion session for MCI/AD subject,OAS30369_Freesurfer53_d6992,OAS30369,OAS30369_MR_d6992,6992,CN,True,,True,96,UNKNOWN,,,,,,,
5,Longitudinal companion session for MCI/AD subject,OAS30391_Freesurfer53_d0192,OAS30391,OAS30391_MR_d0192,192,AD,False,outside_clinical_window,False,192,AD,primary,,,,,,
5,Longitudinal companion session for MCI/AD subject,OAS30452_Freesurfer53_d2291,OAS30452,OAS30452_MR_d2291,2291,OTHER_DEMENTIA,False,other_dementia,True,58,NON_AD,,,,,,,
5,Longitudinal companion session for MCI/AD subject,OAS30452_Freesurfer53_d3472,OAS30452,OAS30452_MR_d3472,3472,CN,True,,True,112,NON_AD,,,,,,,
5,Longitudinal companion session for MCI/AD subject,OAS30472_Freesurfer53_d0047,OAS30472,OAS30472_MR_d0047,47,CN,True,,True,47,AD,primary,,,,,,
5,Longitudinal companion session for MCI/AD subject,OAS30541_Freesurfer53_d0058,OAS30541,OAS30541_MR_d0058,58,MISSING,False,missing_diagnosis,True,58,UNKNOWN,,,,,,,
5,Longitudinal companion session for MCI/AD subject,OAS30605_Freesurfer53_d0941,OAS30605,OAS30605_MR_d0941,941,CN,False,outside_clinical_window,False,225,UNKNOWN,,,,,,,
5,Longitudinal companion session for MCI/AD subject,OAS30720_Freesurfer53_d2715,OAS30720,OAS30720_MR_d2715,2715,IMPAIRED_NOT_MCI,False,impaired_not_mci,True,99,UNKNOWN,,,,,,,
5,Longitudinal companion session for MCI/AD subject,OAS30720_Freesurfer53_d4213,OAS30720,OAS30720_MR_d4213,4213,DEMENTIA_UNKNOWN_ETIOLOGY,False,dementia_unknown_etiology,True,61,UNKNOWN,,,,,,,
5,Longitudinal companion session for MCI/AD subject,OAS30744_Freesurfer53_d0063,OAS30744,OAS30744_MR_d0063,63,IMPAIRED_NOT_MCI,False,impaired_not_mci,True,63,UNKNOWN,,,,,,,
5,Longitudinal companion session for MCI/AD subject,OAS30745_Freesurfer53_d2863,OAS30745,OAS30745_MR_d2863,2863,CN,True,,True,33,UNKNOWN,,,,,,,
5,Longitudinal companion session for MCI/AD subject,OAS30782_Freesurfer53_d0074,OAS30782,OAS30782_MR_d0074,74,OTHER_DEMENTIA,False,other_dementia,True,74,MIXED,unspecified,,,,,,
5,Longitudinal companion session for MCI/AD subject,OAS30830_Freesurfer53_d0030,OAS30830,OAS30830_MR_d0030,30,CN,True,,True,30,UNKNOWN,,,,,,,
5,Longitudinal companion session for MCI/AD subject,OAS30863_Freesurfer53_d1260,OAS30863,OAS30863_MR_d1260,1260,CN,True,,True,74,UNKNOWN,,,,,,,
5,Longitudinal companion session for MCI/AD subject,OAS30863_Freesurfer53_d1607,OAS30863,OAS30863_MR_d1607,1607,CN,True,,True,22,UNKNOWN,,,,,,,
5,Longitudinal companion session for MCI/AD subject,OAS30867_Freesurfer53_d1398,OAS30867,OAS30867_MR_d1398,1398,CN,False,outside_clinical_window,False,226,UNKNOWN,,,,,,,
5,Longitudinal companion session for MCI/AD subject,OAS30867_Freesurfer53_d4407,OAS30867,OAS30867_MR_d4407,4407,CN,True,,True,132,UNKNOWN,,,,,,,
5,Longitudinal companion session for MCI/AD subject,OAS30869_Freesurfer53_d0077,OAS30869,OAS30869_MR_d0077,77,CN,True,,True,77,UNKNOWN,,,,,,,
5,Longitudinal companion session for MCI/AD subject,OAS30869_Freesurfer53_d1691,OAS30869,OAS30869_MR_d1691,1691,OTHER_DEMENTIA,False,other_dementia,True,169,NON_AD,,,,,,,
5,Longitudinal companion session for MCI/AD subject,OAS30884_Freesurfer53_d2400,OAS30884,OAS30884_MR_d2400,2400,IMPAIRED_NOT_MCI,False,impaired_not_mci,True,155,UNKNOWN,,,,,,,
5,Longitudinal companion session for MCI/AD subject,OAS30884_Freesurfer53_d4499,OAS30884,OAS30884_MR_d4499,4499,OTHER_DEMENTIA,False,other_dementia,True,51,MIXED,primary,,,,,,
5,Longitudinal companion session for MCI/AD subject,OAS30899_Freesurfer53_d0070,OAS30899,OAS30899_MR_d0070,70,CN,True,,True,70,UNKNOWN,,,,,,,
5,Longitudinal companion session for MCI/AD subject,OAS30899_Freesurfer53_d0072,OAS30899,OAS30899_MR_d0072,72,CN,True,,True,72,UNKNOWN,,,,,,,
5,Longitudinal companion session for MCI/AD subject,OAS30929_Freesurfer53_d0115,OAS30929,OAS30929_MR_d0115,115,CONFLICTING,False,conflicting_diagnosis,True,115,UNKNOWN,,,,,,,
5,Longitudinal companion session for MCI/AD subject,OAS30930_Freesurfer53_d0900,OAS30930,OAS30930_MR_d0900,900,OTHER_DEMENTIA,False,other_dementia,True,109,NON_AD,,,,,,,
5,Longitudinal companion session for MCI/AD subject,OAS30959_Freesurfer53_d0714,OAS30959,OAS30959_MR_d0714,714,CN,False,outside_clinical_window,False,237,UNKNOWN,,,,,,,
5,Longitudinal companion session for MCI/AD subject,OAS30959_Freesurfer53_d1301,OAS30959,OAS30959_MR_d1301,1301,CN,True,,True,105,UNKNOWN,,,,,,,
5,Longitudinal companion session for MCI/AD subject,OAS30959_Freesurfer53_d2684,OAS30959,OAS30959_MR_d2684,2684,CN,True,,True,90,UNKNOWN,,,,,,,
5,Longitudinal companion session for MCI/AD subject,OAS30959_Freesurfer53_d2692,OAS30959,OAS30959_MR_d2692,2692,CN,True,,True,98,UNKNOWN,,,,,,,
5,Longitudinal companion session for MCI/AD subject,OAS30990_Freesurfer53_d0107,OAS30990,OAS30990_MR_d0107,107,IMPAIRED_NOT_MCI,False,impaired_not_mci,True,107,UNKNOWN,,,,,,,
5,Longitudinal companion session for MCI/AD subject,OAS31001_Freesurfer53_d0425,OAS31001,OAS31001_MR_d0425,425,CN,False,outside_clinical_window,False,425,UNKNOWN,,,,,,,
5,Longitudinal companion session for MCI/AD subject,OAS31001_Freesurfer53_d1079,OAS31001,OAS31001_MR_d1079,1079,CN,True,,True,28,UNKNOWN,,,,,,,
5,Longitudinal companion session for MCI/AD subject,OAS31063_Freesurfer53_d0917,OAS31063,OAS31063_MR_d0917,917,OTHER_DEMENTIA,False,other_dementia,True,42,MIXED,unspecified,,,,,,
5,Longitudinal companion session for MCI/AD subject,OAS31092_Freesurfer53_d1211,OAS31092,OAS31092_MR_d1211,1211,CN,True,,True,112,UNKNOWN,,,,,,,
5,Longitudinal companion session for MCI/AD subject,OAS31104_Freesurfer53_d1321,OAS31104,OAS31104_MR_d1321,1321,CN,False,outside_clinical_window,False,213,UNKNOWN,,,,,,,
5,Longitudinal companion session for MCI/AD subject,OAS31139_Freesurfer53_d0533,OAS31139,OAS31139_MR_d0533,533,CN,True,,True,125,UNKNOWN,,,,,,,
